Remove Pin from Net: Failed to remove Pin
Remove Pin from Net: Failed to remove Pin
Remove Pin from Net: Failed to remove Pin
Remove Pin from Net: Failed to remove Pin
Remove Pin from Net: Failed to remove Pin
Remove Pin from Net: Failed to remove Pin
Remove Pin from Net: Failed to remove Pin
Remove Pin from Net: Failed to remove Pin
Remove Pin from Net: Failed to remove Pin
Remove Pin from Net: Failed to remove Pin
Remove Pin from Net: Unknown Net : NetC6_2
Remove Pin from Net: Failed to remove Pin
Remove Pin from Net: Unknown Pin: Pin C11-1
Remove Pin from Net: Failed to remove Pin
Remove Pin from Net: Failed to remove Pin
Remove Pin from Net: Failed to remove Pin
Remove Pin from Net: Failed to remove Pin
Remove Pin from Net: Failed to remove Pin
Remove Pin from Net: Failed to remove Pin
Remove Pin from Net: Failed to remove Pin
Remove Pin from Net: Failed to remove Pin
Remove Pin from Net: Failed to remove Pin
Remove Pin from Net: Failed to remove Pin
Remove Pin from Net: Failed to remove Pin
Remove Pin from Net: Failed to remove Pin
Remove Pin from Net: Failed to remove Pin
Remove Pin from Net: Unknown Pin: Pin C21-1
Remove Pin from Net: Unknown Pin: Pin C21-2
Remove Pin from Net: Unknown Pin: Pin C22_0-1
Remove Pin from Net: Unknown Pin: Pin C22_0-2
Remove Pin from Net: Unknown Pin: Pin C22_1-1
Remove Pin from Net: Unknown Pin: Pin C22_1-2
Remove Pin from Net: Unknown Pin: Pin C22_2-1
Remove Pin from Net: Unknown Pin: Pin C22_2-2
Remove Pin from Net: Unknown Pin: Pin C22_3-1
Remove Pin from Net: Unknown Pin: Pin C22_3-2
Remove Pin from Net: Unknown Pin: Pin C22_4-1
Remove Pin from Net: Unknown Pin: Pin C22_4-2
Remove Pin from Net: Unknown Pin: Pin C22_5-1
Remove Pin from Net: Unknown Pin: Pin C22_5-2
Remove Pin from Net: Unknown Pin: Pin C22_6-1
Remove Pin from Net: Unknown Pin: Pin C22_7-1
Remove Pin from Net: Unknown Pin: Pin C23-1
Remove Pin from Net: Unknown Pin: Pin C24-1
Remove Pin from Net: Unknown Pin: Pin C25-1
Remove Pin from Net: Unknown Pin: Pin C25-2
Remove Pin from Net: Unknown Pin: Pin C26-1
Remove Pin from Net: Unknown Pin: Pin C26-2
Remove Pin from Net: Unknown Pin: Pin C27-1
Remove Pin from Net: Unknown Pin: Pin C27-2
Remove Pin from Net: Unknown Pin: Pin C28-1
Remove Pin from Net: Unknown Pin: Pin C28-2
Remove Pin from Net: Unknown Pin: Pin C29-1
Remove Pin from Net: Unknown Pin: Pin C29-2
Remove Pin from Net: Unknown Pin: Pin C30-1
Remove Pin from Net: Unknown Pin: Pin C30-2
Remove Pin from Net: Unknown Pin: Pin C31-1
Remove Pin from Net: Unknown Pin: Pin C31-2
Remove Pin from Net: Unknown Pin: Pin C32-1
Remove Pin from Net: Unknown Pin: Pin C32-2
Remove Pin from Net: Unknown Pin: Pin C33-1
Remove Pin from Net: Unknown Pin: Pin C33-2
Remove Pin from Net: Unknown Pin: Pin C35-1
Remove Pin from Net: Unknown Pin: Pin C35-2
Remove Pin from Net: Unknown Pin: Pin D1-1
Remove Pin from Net: Unknown Pin: Pin D2-2
Remove Pin from Net: Unknown Pin: Pin D3_0-1
Remove Pin from Net: Unknown Pin: Pin D3_1-1
Remove Pin from Net: Unknown Pin: Pin D3_2-1
Remove Pin from Net: Unknown Pin: Pin D3_3-1
Remove Pin from Net: Unknown Pin: Pin D3_4-1
Remove Pin from Net: Unknown Pin: Pin D3_5-1
Remove Pin from Net: Unknown Pin: Pin D3_6-1
Remove Pin from Net: Unknown Pin: Pin D3_7-1
Remove Pin from Net: Unknown Pin: Pin D4-1
Remove Pin from Net: Unknown Pin: Pin D5-1
Remove Pin from Net: Unknown Pin: Pin D6-1
Remove Pin from Net: Unknown Pin: Pin F2-1
Remove Pin from Net: Unknown Pin: Pin F3-1
Remove Pin from Net: Unknown Pin: Pin F4-1
Remove Pin from Net: Unknown Pin: Pin F5-1
Remove Pin from Net: Unknown Pin: Pin F6-1
Remove Pin from Net: Unknown Pin: Pin F7-1
Remove Pin from Net: Unknown Pin: Pin F8-1
Remove Pin from Net: Unknown Pin: Pin F9-1
Remove Pin from Net: Unknown Pin: Pin IC1-1
Remove Pin from Net: Unknown Pin: Pin IC1-3
Remove Pin from Net: Unknown Pin: Pin IC1-6
Remove Pin from Net: Unknown Pin: Pin IC3-1
Remove Pin from Net: Unknown Pin: Pin IC3-3
Remove Pin from Net: Unknown Pin: Pin IC3-4
Remove Pin from Net: Unknown Pin: Pin IC4-1
Remove Pin from Net: Unknown Pin: Pin IC4-2
Remove Pin from Net: Unknown Pin: Pin IC4-3
Remove Pin from Net: Unknown Pin: Pin IC4-5
Remove Pin from Net: Unknown Pin: Pin J1-A1-B12
Remove Pin from Net: Unknown Pin: Pin J1-B1-A12
Remove Pin from Net: Failed to remove Pin
Remove Pin from Net: Failed to remove Pin
Remove Pin from Net: Failed to remove Pin
Remove Pin from Net: Unknown Pin: Pin LED1-2
Remove Pin from Net: Unknown Pin: Pin LED2-2
Remove Pin from Net: Failed to remove Pin
Remove Pin from Net: Failed to remove Pin
Remove Pin from Net: Unknown Pin: Pin R7-1
Remove Pin from Net: Unknown Pin: Pin R8-2
Remove Pin from Net: Unknown Pin: Pin R11-2
Remove Pin from Net: Unknown Pin: Pin R13-1
Remove Pin from Net: Unknown Pin: Pin R14-1
Remove Pin from Net: Unknown Pin: Pin R15-1
Remove Pin from Net: Unknown Pin: Pin R16-1
Remove Pin from Net: Unknown Pin: Pin R17-1
Remove Pin from Net: Unknown Pin: Pin R18_0-1
Remove Pin from Net: Unknown Pin: Pin R18_1-1
Remove Pin from Net: Unknown Pin: Pin R18_2-1
Remove Pin from Net: Unknown Pin: Pin R18_3-1
Remove Pin from Net: Unknown Pin: Pin R18_4-1
Remove Pin from Net: Unknown Pin: Pin R18_5-1
Remove Pin from Net: Unknown Pin: Pin R19_0-1
Remove Pin from Net: Unknown Pin: Pin R19_0-2
Remove Pin from Net: Unknown Pin: Pin R19_1-1
Remove Pin from Net: Unknown Pin: Pin R19_1-2
Remove Pin from Net: Unknown Pin: Pin R19_2-1
Remove Pin from Net: Unknown Pin: Pin R19_2-2
Remove Pin from Net: Unknown Pin: Pin R19_3-1
Remove Pin from Net: Unknown Pin: Pin R19_3-2
Remove Pin from Net: Unknown Pin: Pin R19_4-1
Remove Pin from Net: Unknown Pin: Pin R19_4-2
Remove Pin from Net: Unknown Pin: Pin R19_5-1
Remove Pin from Net: Unknown Pin: Pin R19_5-2
Remove Pin from Net: Unknown Pin: Pin R19_6-1
Remove Pin from Net: Unknown Pin: Pin R19_7-1
Remove Pin from Net: Unknown Pin: Pin R20-1
Remove Pin from Net: Unknown Pin: Pin R21-1
Remove Pin from Net: Unknown Pin: Pin R23-2
Remove Pin from Net: Unknown Pin: Pin S-10
Remove Pin from Net: Unknown Pin: Pin S-11
Remove Pin from Net: Unknown Pin: Pin S-12
Remove Pin from Net: Unknown Pin: Pin S-13
Remove Pin from Net: Unknown Pin: Pin S-14
Remove Pin from Net: Unknown Pin: Pin S-15
Remove Pin from Net: Unknown Pin: Pin S-16
Remove Pin from Net: Unknown Pin: Pin S-17
Remove Pin from Net: Unknown Pin: Pin S-20
Remove Pin from Net: Unknown Pin: Pin S-21
Remove Pin from Net: Unknown Pin: Pin S-24
Remove Pin from Net: Unknown Pin: Pin S-25
Remove Pin from Net: Unknown Pin: Pin S-26
Remove Pin from Net: Unknown Pin: Pin TVS1-1
Remove Pin from Net: Failed to remove Pin
Remove Pin from Net: Failed to remove Pin
Remove Pin from Net: Failed to remove Pin
Remove Pin from Net: Failed to remove Pin
Remove Pin from Net: Failed to remove Pin
Remove Pin from Net: Failed to remove Pin
Remove Pin from Net: Failed to remove Pin
Remove Pin from Net: Failed to remove Pin
Remove Pin from Net: Failed to remove Pin
Remove Class Member: Failed to remove class member
Remove Class Member: Failed to remove class member
Remove Class Member: Failed to remove class member
Remove Class Member: Failed to remove class member
Remove Class Member: Failed to remove class member
Remove Class Member: Failed to remove class member
Remove Class Member: Failed to remove class member
Remove Class Member: Failed to remove class member
Remove Class Member: Failed to remove class member
Remove Class Member: Failed to remove class member
Remove Class Member: Failed to remove class member
Remove Class Member: Failed to remove class member
Remove Class Member: Failed to remove class member
Remove Class Member: Failed to remove class member
Remove Class Member: Failed to remove class member
Remove Class Member: Failed to remove class member
Remove Class Member: Failed to remove class member
Remove Class Member: Failed to remove class member
Remove Class Member: Failed to remove class member
Remove Class Member: Failed to remove class member
Remove Class Member: Failed to remove class member
Remove Class Member: Failed to remove class member
Remove Class Member: Failed to remove class member
Remove Class Member: Failed to remove class member
Remove Class Member: Failed to remove class member
Remove Class Member: Failed to remove class member
Remove Class Member: Failed to remove class member
Remove Class Member: Failed to remove class member
Remove Class Member: Failed to remove class member
Remove Class Member: Failed to remove class member
Remove Class Member: Failed to remove class member
Remove Class Member: Failed to remove class member
Remove Class Member: Failed to remove class member
Remove Class Member: Failed to remove class member
Remove Class Member: Failed to remove class member
Remove Class Member: Failed to remove class member
Remove Class Member: Failed to remove class member
Remove Class Member: Failed to remove class member
Remove Class Member: Failed to remove class member
Remove Class Member: Failed to remove class member
Remove Class Member: Failed to remove class member
Remove Class Member: Failed to remove class member
Remove Class Member: Failed to remove class member
Remove Class Member: Failed to remove class member
Remove Class Member: Failed to remove class member
Remove Class Member: Failed to remove class member
Remove Class Member: Failed to remove class member
Remove Class Member: Failed to remove class member
Remove Class Member: Failed to remove class member
Remove Class Member: Failed to remove class member
Remove Class Member: Failed to remove class member
Remove Class Member: Failed to remove class member
Remove Class Member: Failed to remove class member
Change Footprint: Footprint Not Found FP-RC2012-IPC_A
Change Managed Component Library Link: Already changed
Change Managed Component Library Link: Already changed
Change Managed Component Library Link: Already changed
Change Managed Component Library Link: Already changed
Change Managed Component Library Link: Already changed
Change Managed Component Library Link: Already changed
Change Managed Component Library Link: Already changed
Change Managed Component Library Link: Already changed
Change Managed Component Library Link: Already changed
Change Managed Component Library Link: Already changed
Change Managed Component Library Link: Already changed
Change Managed Component Library Link: Already changed
Change Managed Component Library Link: Already changed
Change Managed Component Library Link: Already changed
Change Managed Component Library Link: Already changed
Change Managed Component Library Link: Already changed
Change Managed Component Library Link: Already changed
Change Managed Component Library Link: Already changed
Change Managed Component Library Link: Already changed
Change Managed Component Library Link: Already changed
Change Managed Component Library Link: Already changed
Change Managed Component Library Link: Already changed
Change Managed Component Library Link: Already changed
Change Managed Component Library Link: Already changed
Change Managed Component Library Link: Already changed
Change Managed Component Library Link: Already changed
Change Managed Component Library Link: Already changed
Change Managed Component Library Link: Already changed
Change component parameters: Designator = "C1" ("C1"); Footprint = "CAPC1608X90N"; UniqueID = "\VAUXFIGM\CQNBAXZO" ("\VAUXFIGM\CQNBAXZO")
Change component parameters (AddParameter): Name = "Automotive"; Value = "No"; VariantName = "[No Variations]"
Change component parameters (AddParameter): Name = "Capacitance"; Value = "100 nF"; VariantName = "[No Variations]"
Change component parameters (AddParameter): Name = "Category"; Value = "Cap"; VariantName = "[No Variations]"
Change component parameters (AddParameter): Name = "ComponentLink2Description"; Value = "Datasheet"; VariantName = "[No Variations]"
Change component parameters (AddParameter): Name = "ComponentLink2URL"; Value = "http://www.yageo.com/documents/recent/UPY-GPHC_X7R_6.3V-to-50V_18.pdf"; VariantName = "[No Variations]"
Change component parameters (AddParameter): Name = "Device Class L1"; Value = "Passive Components"; VariantName = "[No Variations]"
Change component parameters (AddParameter): Name = "Device Class L2"; Value = "Capacitors"; VariantName = "[No Variations]"
Change component parameters (AddParameter): Name = "Device Class L3"; Value = "Ceramic Capacitors"; VariantName = "[No Variations]"
Change component parameters (AddParameter): Name = "Digikey Description"; Value = "CAP CER 0.1UF 50V X7R 0603"; VariantName = "[No Variations]"
Change component parameters (AddParameter): Name = "Footprint Url"; Value = "http://www.yageo.com/exep/pages/download/literatures/UPY-C_GEN_24.pdf"; VariantName = "[No Variations]"
Change component parameters (AddParameter): Name = "Height"; Value = "0.9mm"; VariantName = "[No Variations]"
Change component parameters (AddParameter): Name = "Lead Free"; Value = "Yes"; VariantName = "[No Variations]"
Change component parameters (AddParameter): Name = "Manufacturer"; Value = "YAGEO"; VariantName = "[No Variations]"
Change component parameters (AddParameter): Name = "Manufacturer Part Number"; Value = "CC0603MRX7R9BB104"; VariantName = "[No Variations]"
Change component parameters (AddParameter): Name = "Material"; Value = "Ceramic"; VariantName = "[No Variations]"
Change component parameters (AddParameter): Name = "Mouser Description"; Value = "Cap Ceramic 50V 20% +Tol 20% -Tol X7R 15% TC 0.1uF SMD 0603"; VariantName = "[No Variations]"
Change component parameters (AddParameter): Name = "Octopart"; Value = "https://octopart.com/cc0603mrx7r9bb104-yageo-67308423"; VariantName = "[No Variations]"
Change component parameters (AddParameter): Name = "Package"; Value = "CC0603-DA"; VariantName = "[No Variations]"
Change component parameters (AddParameter): Name = "RoHS"; Value = "TRUE"; VariantName = "[No Variations]"
Change component parameters (AddParameter): Name = "Temperature"; Value = "-55°C to +125°C"; VariantName = "[No Variations]"
Change component parameters (AddParameter): Name = "Temperature Characteristic"; Value = "X7R"; VariantName = "[No Variations]"
Change component parameters (AddParameter): Name = "Temperature Coefficient"; Value = "15%"; VariantName = "[No Variations]"
Change component parameters (AddParameter): Name = "Temperature Range High"; Value = "+125°C"; VariantName = "[No Variations]"
Change component parameters (AddParameter): Name = "Temperature Range Low"; Value = "-55°C"; VariantName = "[No Variations]"
Change component parameters (AddParameter): Name = "Tolerance"; Value = "0.2"; VariantName = "[No Variations]"
Change component parameters (AddParameter): Name = "Value"; Value = "100 nF"; VariantName = "[No Variations]"
Change component parameters (AddParameter): Name = "Voltage"; Value = "50 V"; VariantName = "[No Variations]"
Change component parameters (AddParameter): Name = "Voltage Rating"; Value = "50 V"; VariantName = "[No Variations]"
Change component parameters: Designator = "C2" ("C2"); Footprint = "CAPC1608X90N"; UniqueID = "\VAUXFIGM\VBVGBKUT" ("\VAUXFIGM\VBVGBKUT")
Change component parameters (AddParameter): Name = "Automotive"; Value = "No"; VariantName = "[No Variations]"
Change component parameters (AddParameter): Name = "Capacitance"; Value = "100 nF"; VariantName = "[No Variations]"
Change component parameters (AddParameter): Name = "Category"; Value = "Cap"; VariantName = "[No Variations]"
Change component parameters (AddParameter): Name = "ComponentLink2Description"; Value = "Datasheet"; VariantName = "[No Variations]"
Change component parameters (AddParameter): Name = "ComponentLink2URL"; Value = "http://www.yageo.com/documents/recent/UPY-GPHC_X7R_6.3V-to-50V_18.pdf"; VariantName = "[No Variations]"
Change component parameters (AddParameter): Name = "Device Class L1"; Value = "Passive Components"; VariantName = "[No Variations]"
Change component parameters (AddParameter): Name = "Device Class L2"; Value = "Capacitors"; VariantName = "[No Variations]"
Change component parameters (AddParameter): Name = "Device Class L3"; Value = "Ceramic Capacitors"; VariantName = "[No Variations]"
Change component parameters (AddParameter): Name = "Digikey Description"; Value = "CAP CER 0.1UF 50V X7R 0603"; VariantName = "[No Variations]"
Change component parameters (AddParameter): Name = "Footprint Url"; Value = "http://www.yageo.com/exep/pages/download/literatures/UPY-C_GEN_24.pdf"; VariantName = "[No Variations]"
Change component parameters (AddParameter): Name = "Height"; Value = "0.9mm"; VariantName = "[No Variations]"
Change component parameters (AddParameter): Name = "Lead Free"; Value = "Yes"; VariantName = "[No Variations]"
Change component parameters (AddParameter): Name = "Manufacturer"; Value = "YAGEO"; VariantName = "[No Variations]"
Change component parameters (AddParameter): Name = "Manufacturer Part Number"; Value = "CC0603MRX7R9BB104"; VariantName = "[No Variations]"
Change component parameters (AddParameter): Name = "Material"; Value = "Ceramic"; VariantName = "[No Variations]"
Change component parameters (AddParameter): Name = "Mouser Description"; Value = "Cap Ceramic 50V 20% +Tol 20% -Tol X7R 15% TC 0.1uF SMD 0603"; VariantName = "[No Variations]"
Change component parameters (AddParameter): Name = "Octopart"; Value = "https://octopart.com/cc0603mrx7r9bb104-yageo-67308423"; VariantName = "[No Variations]"
Change component parameters (AddParameter): Name = "Package"; Value = "CC0603-DA"; VariantName = "[No Variations]"
Change component parameters (AddParameter): Name = "RoHS"; Value = "TRUE"; VariantName = "[No Variations]"
Change component parameters (AddParameter): Name = "Temperature"; Value = "-55°C to +125°C"; VariantName = "[No Variations]"
Change component parameters (AddParameter): Name = "Temperature Characteristic"; Value = "X7R"; VariantName = "[No Variations]"
Change component parameters (AddParameter): Name = "Temperature Coefficient"; Value = "15%"; VariantName = "[No Variations]"
Change component parameters (AddParameter): Name = "Temperature Range High"; Value = "+125°C"; VariantName = "[No Variations]"
Change component parameters (AddParameter): Name = "Temperature Range Low"; Value = "-55°C"; VariantName = "[No Variations]"
Change component parameters (AddParameter): Name = "Tolerance"; Value = "0.2"; VariantName = "[No Variations]"
Change component parameters (AddParameter): Name = "Value"; Value = "100 nF"; VariantName = "[No Variations]"
Change component parameters (AddParameter): Name = "Voltage"; Value = "50 V"; VariantName = "[No Variations]"
Change component parameters (AddParameter): Name = "Voltage Rating"; Value = "50 V"; VariantName = "[No Variations]"
Change component parameters: Designator = "C3" ("C3"); Footprint = "CAPC1608X90N"; UniqueID = "\VAUXFIGM\YEIVLIDE" ("\VAUXFIGM\YEIVLIDE")
Change component parameters (AddParameter): Name = "Automotive"; Value = "No"; VariantName = "[No Variations]"
Change component parameters (AddParameter): Name = "Capacitance"; Value = "100 nF"; VariantName = "[No Variations]"
Change component parameters (AddParameter): Name = "Category"; Value = "Cap"; VariantName = "[No Variations]"
Change component parameters (AddParameter): Name = "ComponentLink2Description"; Value = "Datasheet"; VariantName = "[No Variations]"
Change component parameters (AddParameter): Name = "ComponentLink2URL"; Value = "http://www.yageo.com/documents/recent/UPY-GPHC_X7R_6.3V-to-50V_18.pdf"; VariantName = "[No Variations]"
Change component parameters (AddParameter): Name = "Device Class L1"; Value = "Passive Components"; VariantName = "[No Variations]"
Change component parameters (AddParameter): Name = "Device Class L2"; Value = "Capacitors"; VariantName = "[No Variations]"
Change component parameters (AddParameter): Name = "Device Class L3"; Value = "Ceramic Capacitors"; VariantName = "[No Variations]"
Change component parameters (AddParameter): Name = "Digikey Description"; Value = "CAP CER 0.1UF 50V X7R 0603"; VariantName = "[No Variations]"
Change component parameters (AddParameter): Name = "Footprint Url"; Value = "http://www.yageo.com/exep/pages/download/literatures/UPY-C_GEN_24.pdf"; VariantName = "[No Variations]"
Change component parameters (AddParameter): Name = "Height"; Value = "0.9mm"; VariantName = "[No Variations]"
Change component parameters (AddParameter): Name = "Lead Free"; Value = "Yes"; VariantName = "[No Variations]"
Change component parameters (AddParameter): Name = "Manufacturer"; Value = "YAGEO"; VariantName = "[No Variations]"
Change component parameters (AddParameter): Name = "Manufacturer Part Number"; Value = "CC0603MRX7R9BB104"; VariantName = "[No Variations]"
Change component parameters (AddParameter): Name = "Material"; Value = "Ceramic"; VariantName = "[No Variations]"
Change component parameters (AddParameter): Name = "Mouser Description"; Value = "Cap Ceramic 50V 20% +Tol 20% -Tol X7R 15% TC 0.1uF SMD 0603"; VariantName = "[No Variations]"
Change component parameters (AddParameter): Name = "Octopart"; Value = "https://octopart.com/cc0603mrx7r9bb104-yageo-67308423"; VariantName = "[No Variations]"
Change component parameters (AddParameter): Name = "Package"; Value = "CC0603-DA"; VariantName = "[No Variations]"
Change component parameters (AddParameter): Name = "RoHS"; Value = "TRUE"; VariantName = "[No Variations]"
Change component parameters (AddParameter): Name = "Temperature"; Value = "-55°C to +125°C"; VariantName = "[No Variations]"
Change component parameters (AddParameter): Name = "Temperature Characteristic"; Value = "X7R"; VariantName = "[No Variations]"
Change component parameters (AddParameter): Name = "Temperature Coefficient"; Value = "15%"; VariantName = "[No Variations]"
Change component parameters (AddParameter): Name = "Temperature Range High"; Value = "+125°C"; VariantName = "[No Variations]"
Change component parameters (AddParameter): Name = "Temperature Range Low"; Value = "-55°C"; VariantName = "[No Variations]"
Change component parameters (AddParameter): Name = "Tolerance"; Value = "0.2"; VariantName = "[No Variations]"
Change component parameters (AddParameter): Name = "Value"; Value = "100 nF"; VariantName = "[No Variations]"
Change component parameters (AddParameter): Name = "Voltage"; Value = "50 V"; VariantName = "[No Variations]"
Change component parameters (AddParameter): Name = "Voltage Rating"; Value = "50 V"; VariantName = "[No Variations]"
Change component parameters: Designator = "C4" ("C4"); Footprint = "CAPC1608X90N"; UniqueID = "\VAUXFIGM\RSBDLNJH" ("\VAUXFIGM\RSBDLNJH")
Change component parameters (AddParameter): Name = "Automotive"; Value = "No"; VariantName = "[No Variations]"
Change component parameters (AddParameter): Name = "Capacitance"; Value = "100 nF"; VariantName = "[No Variations]"
Change component parameters (AddParameter): Name = "Category"; Value = "Cap"; VariantName = "[No Variations]"
Change component parameters (AddParameter): Name = "ComponentLink2Description"; Value = "Datasheet"; VariantName = "[No Variations]"
Change component parameters (AddParameter): Name = "ComponentLink2URL"; Value = "http://www.yageo.com/documents/recent/UPY-GPHC_X7R_6.3V-to-50V_18.pdf"; VariantName = "[No Variations]"
Change component parameters (AddParameter): Name = "Device Class L1"; Value = "Passive Components"; VariantName = "[No Variations]"
Change component parameters (AddParameter): Name = "Device Class L2"; Value = "Capacitors"; VariantName = "[No Variations]"
Change component parameters (AddParameter): Name = "Device Class L3"; Value = "Ceramic Capacitors"; VariantName = "[No Variations]"
Change component parameters (AddParameter): Name = "Digikey Description"; Value = "CAP CER 0.1UF 50V X7R 0603"; VariantName = "[No Variations]"
Change component parameters (AddParameter): Name = "Footprint Url"; Value = "http://www.yageo.com/exep/pages/download/literatures/UPY-C_GEN_24.pdf"; VariantName = "[No Variations]"
Change component parameters (AddParameter): Name = "Height"; Value = "0.9mm"; VariantName = "[No Variations]"
Change component parameters (AddParameter): Name = "Lead Free"; Value = "Yes"; VariantName = "[No Variations]"
Change component parameters (AddParameter): Name = "Manufacturer"; Value = "YAGEO"; VariantName = "[No Variations]"
Change component parameters (AddParameter): Name = "Manufacturer Part Number"; Value = "CC0603MRX7R9BB104"; VariantName = "[No Variations]"
Change component parameters (AddParameter): Name = "Material"; Value = "Ceramic"; VariantName = "[No Variations]"
Change component parameters (AddParameter): Name = "Mouser Description"; Value = "Cap Ceramic 50V 20% +Tol 20% -Tol X7R 15% TC 0.1uF SMD 0603"; VariantName = "[No Variations]"
Change component parameters (AddParameter): Name = "Octopart"; Value = "https://octopart.com/cc0603mrx7r9bb104-yageo-67308423"; VariantName = "[No Variations]"
Change component parameters (AddParameter): Name = "Package"; Value = "CC0603-DA"; VariantName = "[No Variations]"
Change component parameters (AddParameter): Name = "RoHS"; Value = "TRUE"; VariantName = "[No Variations]"
Change component parameters (AddParameter): Name = "Temperature"; Value = "-55°C to +125°C"; VariantName = "[No Variations]"
Change component parameters (AddParameter): Name = "Temperature Characteristic"; Value = "X7R"; VariantName = "[No Variations]"
Change component parameters (AddParameter): Name = "Temperature Coefficient"; Value = "15%"; VariantName = "[No Variations]"
Change component parameters (AddParameter): Name = "Temperature Range High"; Value = "+125°C"; VariantName = "[No Variations]"
Change component parameters (AddParameter): Name = "Temperature Range Low"; Value = "-55°C"; VariantName = "[No Variations]"
Change component parameters (AddParameter): Name = "Tolerance"; Value = "0.2"; VariantName = "[No Variations]"
Change component parameters (AddParameter): Name = "Value"; Value = "100 nF"; VariantName = "[No Variations]"
Change component parameters (AddParameter): Name = "Voltage"; Value = "50 V"; VariantName = "[No Variations]"
Change component parameters (AddParameter): Name = "Voltage Rating"; Value = "50 V"; VariantName = "[No Variations]"
Change component parameters: Designator = "C5" ("C5"); Footprint = "CAPC1608X90N"; UniqueID = "\VAUXFIGM\LLBLSTRM" ("\VAUXFIGM\LLBLSTRM")
Change component parameters: Designator = "C6" ("C6"); Footprint = "GRM18x"; UniqueID = "\VAUXFIGM\HWVXVOHC" ("\VAUXFIGM\HWVXVOHC")
Change component parameters (AddParameter): Name = "Automotive"; Value = "No"; VariantName = "[No Variations]"
Change component parameters (AddParameter): Name = "Capacitance"; Value = "1 uF"; VariantName = "[No Variations]"
Change component parameters (AddParameter): Name = "Category"; Value = "Cap"; VariantName = "[No Variations]"
Change component parameters (AddParameter): Name = "ComponentLink2Description"; Value = "Datasheet"; VariantName = "[No Variations]"
Change component parameters (AddParameter): Name = "ComponentLink2URL"; Value = "http://www.yageo.com/documents/recent/UPY-GPHC_X7R_6.3V-to-50V_18.pdf"; VariantName = "[No Variations]"
Change component parameters (AddParameter): Name = "Device Class L1"; Value = "Passive Components"; VariantName = "[No Variations]"
Change component parameters (AddParameter): Name = "Device Class L2"; Value = "Capacitors"; VariantName = "[No Variations]"
Change component parameters (AddParameter): Name = "Device Class L3"; Value = "Ceramic Capacitors"; VariantName = "[No Variations]"
Change component parameters (AddParameter): Name = "Footprint Url"; Value = "http://www.yageo.com/exep/pages/download/literatures/UPY-C_GEN_24.pdf"; VariantName = "[No Variations]"
Change component parameters (AddParameter): Name = "Height"; Value = "0.9mm"; VariantName = "[No Variations]"
Change component parameters (AddParameter): Name = "Lead Free"; Value = "Yes"; VariantName = "[No Variations]"
Change component parameters (AddParameter): Name = "Manufacturer"; Value = "YAGEO"; VariantName = "[No Variations]"
Change component parameters (AddParameter): Name = "Manufacturer Part Number"; Value = "CC0603KPX7R7BB105"; VariantName = "[No Variations]"
Change component parameters (AddParameter): Name = "Material"; Value = "Ceramic"; VariantName = "[No Variations]"
Change component parameters (AddParameter): Name = "Mouser Description"; Value = "Cap Ceramic 1uF 16V X7R 10% SMD 0603 125°C Paper T/R"; VariantName = "[No Variations]"
Change component parameters (AddParameter): Name = "Octopart"; Value = "https://octopart.com/cc0603kpx7r7bb105-yageo-25629533"; VariantName = "[No Variations]"
Change component parameters (AddParameter): Name = "Package"; Value = "CC0603-DA"; VariantName = "[No Variations]"
Change component parameters (AddParameter): Name = "RoHS"; Value = "TRUE"; VariantName = "[No Variations]"
Change component parameters (AddParameter): Name = "Temperature"; Value = "-55°C to +125°C"; VariantName = "[No Variations]"
Change component parameters (AddParameter): Name = "Temperature Characteristic"; Value = "X7R"; VariantName = "[No Variations]"
Change component parameters (AddParameter): Name = "Temperature Coefficient"; Value = "15%"; VariantName = "[No Variations]"
Change component parameters (AddParameter): Name = "Temperature Range High"; Value = "+125°C"; VariantName = "[No Variations]"
Change component parameters (AddParameter): Name = "Temperature Range Low"; Value = "-55°C"; VariantName = "[No Variations]"
Change component parameters (AddParameter): Name = "Tolerance"; Value = "0.1"; VariantName = "[No Variations]"
Change component parameters (AddParameter): Name = "Value"; Value = "1 uF"; VariantName = "[No Variations]"
Change component parameters (AddParameter): Name = "Voltage"; Value = "16 V"; VariantName = "[No Variations]"
Change component parameters (AddParameter): Name = "Voltage Rating"; Value = "16 V"; VariantName = "[No Variations]"
Change component parameters: Designator = "C7" ("C7"); Footprint = "CAPC1608X90N"; UniqueID = "\VAUXFIGM\WRWIRIHK" ("\VAUXFIGM\WRWIRIHK")
Change component parameters (AddParameter): Name = "Capacitance"; Value = "8pF"; VariantName = "[No Variations]"
Change component parameters (AddParameter): Name = "Case Code (Imperial)"; Value = "0603"; VariantName = "[No Variations]"
Change component parameters (AddParameter): Name = "Case Code (Metric)"; Value = "1608"; VariantName = "[No Variations]"
Change component parameters (AddParameter): Name = "Case/Package"; Value = "0603"; VariantName = "[No Variations]"
Change component parameters (AddParameter): Name = "Dielectric"; Value = "C0G"; VariantName = "[No Variations]"
Change component parameters (AddParameter): Name = "Features"; Value = "High Temperature"; VariantName = "[No Variations]"
Change component parameters (AddParameter): Name = "Height"; Value = "0.8mm"; VariantName = "[No Variations]"
Change component parameters (AddParameter): Name = "Lead Free"; Value = "Lead Free"; VariantName = "[No Variations]"
Change component parameters (AddParameter): Name = "Length"; Value = "0.063inch"; VariantName = "[No Variations]"
Change component parameters (AddParameter): Name = "Max Operating Temperature"; Value = "150°C"; VariantName = "[No Variations]"
Change component parameters (AddParameter): Name = "Min Operating Temperature"; Value = "-55°C"; VariantName = "[No Variations]"
Change component parameters (AddParameter): Name = "Mount"; Value = "Surface Mount"; VariantName = "[No Variations]"
Change component parameters (AddParameter): Name = "Package Quantity"; Value = "4000"; VariantName = "[No Variations]"
Change component parameters (AddParameter): Name = "Packaging"; Value = "Tape and Reel"; VariantName = "[No Variations]"
Change component parameters (AddParameter): Name = "RoHS Compliant"; Value = "Yes"; VariantName = "[No Variations]"
Change component parameters (AddParameter): Name = "Series"; Value = "C"; VariantName = "[No Variations]"
Change component parameters (AddParameter): Name = "Termination"; Value = "SMD/SMT"; VariantName = "[No Variations]"
Change component parameters (AddParameter): Name = "Thickness"; Value = "0.035inch"; VariantName = "[No Variations]"
Change component parameters (AddParameter): Name = "Voltage Rating"; Value = "50V"; VariantName = "[No Variations]"
Change component parameters (AddParameter): Name = "Voltage Rating (DC)"; Value = "50V"; VariantName = "[No Variations]"
Change component parameters (AddParameter): Name = "Weight"; Value = "7.1E-05oz"; VariantName = "[No Variations]"
Change component parameters (AddParameter): Name = "Width"; Value = "0.031inch"; VariantName = "[No Variations]"
Change component parameters: Designator = "C8" ("C8"); Footprint = "CAPC1608X90N"; UniqueID = "\VAUXFIGM\TYRWTMYL" ("\VAUXFIGM\TYRWTMYL")
Change component parameters (AddParameter): Name = "Capacitance"; Value = "8pF"; VariantName = "[No Variations]"
Change component parameters (AddParameter): Name = "Case Code (Imperial)"; Value = "0603"; VariantName = "[No Variations]"
Change component parameters (AddParameter): Name = "Case Code (Metric)"; Value = "1608"; VariantName = "[No Variations]"
Change component parameters (AddParameter): Name = "Case/Package"; Value = "0603"; VariantName = "[No Variations]"
Change component parameters (AddParameter): Name = "Dielectric"; Value = "C0G"; VariantName = "[No Variations]"
Change component parameters (AddParameter): Name = "Features"; Value = "High Temperature"; VariantName = "[No Variations]"
Change component parameters (AddParameter): Name = "Height"; Value = "0.8mm"; VariantName = "[No Variations]"
Change component parameters (AddParameter): Name = "Lead Free"; Value = "Lead Free"; VariantName = "[No Variations]"
Change component parameters (AddParameter): Name = "Length"; Value = "0.063inch"; VariantName = "[No Variations]"
Change component parameters (AddParameter): Name = "Max Operating Temperature"; Value = "150°C"; VariantName = "[No Variations]"
Change component parameters (AddParameter): Name = "Min Operating Temperature"; Value = "-55°C"; VariantName = "[No Variations]"
Change component parameters (AddParameter): Name = "Mount"; Value = "Surface Mount"; VariantName = "[No Variations]"
Change component parameters (AddParameter): Name = "Package Quantity"; Value = "4000"; VariantName = "[No Variations]"
Change component parameters (AddParameter): Name = "Packaging"; Value = "Tape and Reel"; VariantName = "[No Variations]"
Change component parameters (AddParameter): Name = "RoHS Compliant"; Value = "Yes"; VariantName = "[No Variations]"
Change component parameters (AddParameter): Name = "Series"; Value = "C"; VariantName = "[No Variations]"
Change component parameters (AddParameter): Name = "Termination"; Value = "SMD/SMT"; VariantName = "[No Variations]"
Change component parameters (AddParameter): Name = "Thickness"; Value = "0.035inch"; VariantName = "[No Variations]"
Change component parameters (AddParameter): Name = "Voltage Rating"; Value = "50V"; VariantName = "[No Variations]"
Change component parameters (AddParameter): Name = "Voltage Rating (DC)"; Value = "50V"; VariantName = "[No Variations]"
Change component parameters (AddParameter): Name = "Weight"; Value = "7.1E-05oz"; VariantName = "[No Variations]"
Change component parameters (AddParameter): Name = "Width"; Value = "0.031inch"; VariantName = "[No Variations]"
Change component parameters: Designator = "C9" ("C9"); Footprint = "CAPC1608X90N"; UniqueID = "\VAUXFIGM\XIGJZXXV" ("\VAUXFIGM\XIGJZXXV")
Change component parameters (AddParameter): Name = "Automotive"; Value = "No"; VariantName = "[No Variations]"
Change component parameters (AddParameter): Name = "Capacitance"; Value = "2.2 uF"; VariantName = "[No Variations]"
Change component parameters (AddParameter): Name = "Category"; Value = "Cap"; VariantName = "[No Variations]"
Change component parameters (AddParameter): Name = "ComponentLink2Description"; Value = "Datasheet"; VariantName = "[No Variations]"
Change component parameters (AddParameter): Name = "ComponentLink2URL"; Value = "http://www.yageo.com/documents/recent/UPY-GPHC_X7R_6.3V-to-50V_18.pdf"; VariantName = "[No Variations]"
Change component parameters (AddParameter): Name = "Device Class L1"; Value = "Passive Components"; VariantName = "[No Variations]"
Change component parameters (AddParameter): Name = "Device Class L2"; Value = "Capacitors"; VariantName = "[No Variations]"
Change component parameters (AddParameter): Name = "Device Class L3"; Value = "Ceramic Capacitors"; VariantName = "[No Variations]"
Change component parameters (AddParameter): Name = "Digikey Description"; Value = "CAP CER 2.2UF 16V X7R 0603"; VariantName = "[No Variations]"
Change component parameters (AddParameter): Name = "Footprint Url"; Value = "http://www.yageo.com/exep/pages/download/literatures/UPY-C_GEN_24.pdf"; VariantName = "[No Variations]"
Change component parameters (AddParameter): Name = "Height"; Value = "0.9mm"; VariantName = "[No Variations]"
Change component parameters (AddParameter): Name = "Lead Free"; Value = "Yes"; VariantName = "[No Variations]"
Change component parameters (AddParameter): Name = "Manufacturer"; Value = "YAGEO"; VariantName = "[No Variations]"
Change component parameters (AddParameter): Name = "Manufacturer Part Number"; Value = "CC0603KRX7R7BB225"; VariantName = "[No Variations]"
Change component parameters (AddParameter): Name = "Material"; Value = "Ceramic"; VariantName = "[No Variations]"
Change component parameters (AddParameter): Name = "Mouser Description"; Value = "Cap Ceramic 2.2uF 16V X7R 10% Pad SMD 0603 125C Automotive T/R"; VariantName = "[No Variations]"
Change component parameters (AddParameter): Name = "Octopart"; Value = "https://octopart.com/cc0603krx7r7bb225-yageo-67146440"; VariantName = "[No Variations]"
Change component parameters (AddParameter): Name = "Package"; Value = "CC0603-DA"; VariantName = "[No Variations]"
Change component parameters (AddParameter): Name = "RoHS"; Value = "TRUE"; VariantName = "[No Variations]"
Change component parameters (AddParameter): Name = "Temperature"; Value = "-55°C to +125°C"; VariantName = "[No Variations]"
Change component parameters (AddParameter): Name = "Temperature Characteristic"; Value = "X7R"; VariantName = "[No Variations]"
Change component parameters (AddParameter): Name = "Temperature Coefficient"; Value = "15%"; VariantName = "[No Variations]"
Change component parameters (AddParameter): Name = "Temperature Range High"; Value = "+125°C"; VariantName = "[No Variations]"
Change component parameters (AddParameter): Name = "Temperature Range Low"; Value = "-55°C"; VariantName = "[No Variations]"
Change component parameters (AddParameter): Name = "Tolerance"; Value = "0.1"; VariantName = "[No Variations]"
Change component parameters (AddParameter): Name = "Value"; Value = "2.2 uF"; VariantName = "[No Variations]"
Change component parameters (AddParameter): Name = "Voltage"; Value = "16 V"; VariantName = "[No Variations]"
Change component parameters (AddParameter): Name = "Voltage Rating"; Value = "16 V"; VariantName = "[No Variations]"
Change component parameters: Designator = "C10" ("C10"); Footprint = "CAPC1608X90N"; UniqueID = "\VAUXFIGM\AJFEWPWC" ("\VAUXFIGM\AJFEWPWC")
Change component parameters (AddParameter): Name = "Automotive"; Value = "No"; VariantName = "[No Variations]"
Change component parameters (AddParameter): Name = "Capacitance"; Value = "2.2 uF"; VariantName = "[No Variations]"
Change component parameters (AddParameter): Name = "Category"; Value = "Cap"; VariantName = "[No Variations]"
Change component parameters (AddParameter): Name = "ComponentLink2Description"; Value = "Datasheet"; VariantName = "[No Variations]"
Change component parameters (AddParameter): Name = "ComponentLink2URL"; Value = "http://www.yageo.com/documents/recent/UPY-GPHC_X7R_6.3V-to-50V_18.pdf"; VariantName = "[No Variations]"
Change component parameters (AddParameter): Name = "Device Class L1"; Value = "Passive Components"; VariantName = "[No Variations]"
Change component parameters (AddParameter): Name = "Device Class L2"; Value = "Capacitors"; VariantName = "[No Variations]"
Change component parameters (AddParameter): Name = "Device Class L3"; Value = "Ceramic Capacitors"; VariantName = "[No Variations]"
Change component parameters (AddParameter): Name = "Digikey Description"; Value = "CAP CER 2.2UF 16V X7R 0603"; VariantName = "[No Variations]"
Change component parameters (AddParameter): Name = "Footprint Url"; Value = "http://www.yageo.com/exep/pages/download/literatures/UPY-C_GEN_24.pdf"; VariantName = "[No Variations]"
Change component parameters (AddParameter): Name = "Height"; Value = "0.9mm"; VariantName = "[No Variations]"
Change component parameters (AddParameter): Name = "Lead Free"; Value = "Yes"; VariantName = "[No Variations]"
Change component parameters (AddParameter): Name = "Manufacturer"; Value = "YAGEO"; VariantName = "[No Variations]"
Change component parameters (AddParameter): Name = "Manufacturer Part Number"; Value = "CC0603KRX7R7BB225"; VariantName = "[No Variations]"
Change component parameters (AddParameter): Name = "Material"; Value = "Ceramic"; VariantName = "[No Variations]"
Change component parameters (AddParameter): Name = "Mouser Description"; Value = "Cap Ceramic 2.2uF 16V X7R 10% Pad SMD 0603 125C Automotive T/R"; VariantName = "[No Variations]"
Change component parameters (AddParameter): Name = "Octopart"; Value = "https://octopart.com/cc0603krx7r7bb225-yageo-67146440"; VariantName = "[No Variations]"
Change component parameters (AddParameter): Name = "Package"; Value = "CC0603-DA"; VariantName = "[No Variations]"
Change component parameters (AddParameter): Name = "RoHS"; Value = "TRUE"; VariantName = "[No Variations]"
Change component parameters (AddParameter): Name = "Temperature"; Value = "-55°C to +125°C"; VariantName = "[No Variations]"
Change component parameters (AddParameter): Name = "Temperature Characteristic"; Value = "X7R"; VariantName = "[No Variations]"
Change component parameters (AddParameter): Name = "Temperature Coefficient"; Value = "15%"; VariantName = "[No Variations]"
Change component parameters (AddParameter): Name = "Temperature Range High"; Value = "+125°C"; VariantName = "[No Variations]"
Change component parameters (AddParameter): Name = "Temperature Range Low"; Value = "-55°C"; VariantName = "[No Variations]"
Change component parameters (AddParameter): Name = "Tolerance"; Value = "0.1"; VariantName = "[No Variations]"
Change component parameters (AddParameter): Name = "Value"; Value = "2.2 uF"; VariantName = "[No Variations]"
Change component parameters (AddParameter): Name = "Voltage"; Value = "16 V"; VariantName = "[No Variations]"
Change component parameters (AddParameter): Name = "Voltage Rating"; Value = "16 V"; VariantName = "[No Variations]"
Change component parameters: Designator = "C12" ("C12"); Footprint = "CAPAE1030X1080N"; UniqueID = "\VJWHQSQO\SKXMSPES" ("\VJWHQSQO\SKXMSPES")
Change component parameters (AddParameter): Name = "Automotive"; Value = "No"; VariantName = "[No Variations]"
Change component parameters (AddParameter): Name = "Capacitance"; Value = "100 nF"; VariantName = "[No Variations]"
Change component parameters (AddParameter): Name = "Category"; Value = "Cap"; VariantName = "[No Variations]"
Change component parameters (AddParameter): Name = "ComponentLink2Description"; Value = "Datasheet"; VariantName = "[No Variations]"
Change component parameters (AddParameter): Name = "ComponentLink2URL"; Value = "http://www.yageo.com/documents/recent/UPY-GPHC_X7R_6.3V-to-50V_18.pdf"; VariantName = "[No Variations]"
Change component parameters (AddParameter): Name = "Device Class L1"; Value = "Passive Components"; VariantName = "[No Variations]"
Change component parameters (AddParameter): Name = "Device Class L2"; Value = "Capacitors"; VariantName = "[No Variations]"
Change component parameters (AddParameter): Name = "Device Class L3"; Value = "Ceramic Capacitors"; VariantName = "[No Variations]"
Change component parameters (AddParameter): Name = "Digikey Description"; Value = "CAP CER 0.1UF 50V X7R 0603"; VariantName = "[No Variations]"
Change component parameters (AddParameter): Name = "Footprint Url"; Value = "http://www.yageo.com/exep/pages/download/literatures/UPY-C_GEN_24.pdf"; VariantName = "[No Variations]"
Change component parameters (AddParameter): Name = "Height"; Value = "0.9mm"; VariantName = "[No Variations]"
Change component parameters (AddParameter): Name = "Lead Free"; Value = "Yes"; VariantName = "[No Variations]"
Change component parameters (AddParameter): Name = "Manufacturer"; Value = "YAGEO"; VariantName = "[No Variations]"
Change component parameters (AddParameter): Name = "Manufacturer Part Number"; Value = "CC0603MRX7R9BB104"; VariantName = "[No Variations]"
Change component parameters (AddParameter): Name = "Material"; Value = "Ceramic"; VariantName = "[No Variations]"
Change component parameters (AddParameter): Name = "Mouser Description"; Value = "Cap Ceramic 50V 20% +Tol 20% -Tol X7R 15% TC 0.1uF SMD 0603"; VariantName = "[No Variations]"
Change component parameters (AddParameter): Name = "Octopart"; Value = "https://octopart.com/cc0603mrx7r9bb104-yageo-67308423"; VariantName = "[No Variations]"
Change component parameters (AddParameter): Name = "Package"; Value = "CC0603-DA"; VariantName = "[No Variations]"
Change component parameters (AddParameter): Name = "RoHS"; Value = "TRUE"; VariantName = "[No Variations]"
Change component parameters (AddParameter): Name = "Temperature"; Value = "-55°C to +125°C"; VariantName = "[No Variations]"
Change component parameters (AddParameter): Name = "Temperature Characteristic"; Value = "X7R"; VariantName = "[No Variations]"
Change component parameters (AddParameter): Name = "Temperature Coefficient"; Value = "15%"; VariantName = "[No Variations]"
Change component parameters (AddParameter): Name = "Temperature Range High"; Value = "+125°C"; VariantName = "[No Variations]"
Change component parameters (AddParameter): Name = "Temperature Range Low"; Value = "-55°C"; VariantName = "[No Variations]"
Change component parameters (AddParameter): Name = "Tolerance"; Value = "0.2"; VariantName = "[No Variations]"
Change component parameters (AddParameter): Name = "Value"; Value = "100 nF"; VariantName = "[No Variations]"
Change component parameters (AddParameter): Name = "Voltage"; Value = "50 V"; VariantName = "[No Variations]"
Change component parameters (AddParameter): Name = "Voltage Rating"; Value = "50 V"; VariantName = "[No Variations]"
Change component parameters: Designator = "C13" ("C13"); Footprint = "CAPC1608X90N"; UniqueID = "\XWHURYMP\HIRZSMVP" ("\XWHURYMP\HIRZSMVP")
Change component parameters: Designator = "C14" ("C14"); Footprint = "CAPAE1030X1080N"; UniqueID = "\XWHURYMP\SDKDFBIX" ("\XWHURYMP\SDKDFBIX")
Change component parameters (AddParameter): Name = "Automotive"; Value = "No"; VariantName = "[No Variations]"
Change component parameters (AddParameter): Name = "Capacitance"; Value = "100 nF"; VariantName = "[No Variations]"
Change component parameters (AddParameter): Name = "Category"; Value = "Cap"; VariantName = "[No Variations]"
Change component parameters (AddParameter): Name = "ComponentLink2Description"; Value = "Datasheet"; VariantName = "[No Variations]"
Change component parameters (AddParameter): Name = "ComponentLink2URL"; Value = "http://www.yageo.com/documents/recent/UPY-GPHC_X7R_6.3V-to-50V_18.pdf"; VariantName = "[No Variations]"
Change component parameters (AddParameter): Name = "Device Class L1"; Value = "Passive Components"; VariantName = "[No Variations]"
Change component parameters (AddParameter): Name = "Device Class L2"; Value = "Capacitors"; VariantName = "[No Variations]"
Change component parameters (AddParameter): Name = "Device Class L3"; Value = "Ceramic Capacitors"; VariantName = "[No Variations]"
Change component parameters (AddParameter): Name = "Digikey Description"; Value = "CAP CER 0.1UF 50V X7R 0603"; VariantName = "[No Variations]"
Change component parameters (AddParameter): Name = "Footprint Url"; Value = "http://www.yageo.com/exep/pages/download/literatures/UPY-C_GEN_24.pdf"; VariantName = "[No Variations]"
Change component parameters (AddParameter): Name = "Height"; Value = "0.9mm"; VariantName = "[No Variations]"
Change component parameters (AddParameter): Name = "Lead Free"; Value = "Yes"; VariantName = "[No Variations]"
Change component parameters (AddParameter): Name = "Manufacturer"; Value = "YAGEO"; VariantName = "[No Variations]"
Change component parameters (AddParameter): Name = "Manufacturer Part Number"; Value = "CC0603MRX7R9BB104"; VariantName = "[No Variations]"
Change component parameters (AddParameter): Name = "Material"; Value = "Ceramic"; VariantName = "[No Variations]"
Change component parameters (AddParameter): Name = "Mouser Description"; Value = "Cap Ceramic 50V 20% +Tol 20% -Tol X7R 15% TC 0.1uF SMD 0603"; VariantName = "[No Variations]"
Change component parameters (AddParameter): Name = "Octopart"; Value = "https://octopart.com/cc0603mrx7r9bb104-yageo-67308423"; VariantName = "[No Variations]"
Change component parameters (AddParameter): Name = "Package"; Value = "CC0603-DA"; VariantName = "[No Variations]"
Change component parameters (AddParameter): Name = "RoHS"; Value = "TRUE"; VariantName = "[No Variations]"
Change component parameters (AddParameter): Name = "Temperature"; Value = "-55°C to +125°C"; VariantName = "[No Variations]"
Change component parameters (AddParameter): Name = "Temperature Characteristic"; Value = "X7R"; VariantName = "[No Variations]"
Change component parameters (AddParameter): Name = "Temperature Coefficient"; Value = "15%"; VariantName = "[No Variations]"
Change component parameters (AddParameter): Name = "Temperature Range High"; Value = "+125°C"; VariantName = "[No Variations]"
Change component parameters (AddParameter): Name = "Temperature Range Low"; Value = "-55°C"; VariantName = "[No Variations]"
Change component parameters (AddParameter): Name = "Tolerance"; Value = "0.2"; VariantName = "[No Variations]"
Change component parameters (AddParameter): Name = "Value"; Value = "100 nF"; VariantName = "[No Variations]"
Change component parameters (AddParameter): Name = "Voltage"; Value = "50 V"; VariantName = "[No Variations]"
Change component parameters (AddParameter): Name = "Voltage Rating"; Value = "50 V"; VariantName = "[No Variations]"
Change component parameters: Designator = "C15" ("C15"); Footprint = "CAPC1608X90N"; UniqueID = "\XWHURYMP\EFLORLCW" ("\XWHURYMP\EFLORLCW")
Change component parameters (AddParameter): Name = "Capacitance"; Value = "220uF"; VariantName = "[No Variations]"
Change component parameters (AddParameter): Name = "Case/Package"; Value = "Radial"; VariantName = "[No Variations]"
Change component parameters (AddParameter): Name = "Construction"; Value = "Cylindrical"; VariantName = "[No Variations]"
Change component parameters (AddParameter): Name = "Contact Plating"; Value = "Tin"; VariantName = "[No Variations]"
Change component parameters (AddParameter): Name = "Diameter"; Value = "6.3mm"; VariantName = "[No Variations]"
Change component parameters (AddParameter): Name = "ESR (Equivalent Series Resistance)"; Value = "340mR"; VariantName = "[No Variations]"
Change component parameters (AddParameter): Name = "Height"; Value = "7.7mm"; VariantName = "[No Variations]"
Change component parameters (AddParameter): Name = "Height - Seated (Max)"; Value = "0.315inch"; VariantName = "[No Variations]"
Change component parameters (AddParameter): Name = "Impedance"; Value = "340mR"; VariantName = "[No Variations]"
Change component parameters (AddParameter): Name = "Lead Free"; Value = "Lead Free"; VariantName = "[No Variations]"
Change component parameters (AddParameter): Name = "Leakage Current"; Value = "3uA"; VariantName = "[No Variations]"
Change component parameters (AddParameter): Name = "Length"; Value = "7.7mm"; VariantName = "[No Variations]"
Change component parameters (AddParameter): Name = "Life (Hours)"; Value = "2000Hour"; VariantName = "[No Variations]"
Change component parameters (AddParameter): Name = "Material"; Value = "Aluminium"; VariantName = "[No Variations]"
Change component parameters (AddParameter): Name = "Max Operating Temperature"; Value = "105°C"; VariantName = "[No Variations]"
Change component parameters (AddParameter): Name = "Min Operating Temperature"; Value = "-55°C"; VariantName = "[No Variations]"
Change component parameters (AddParameter): Name = "Mount"; Value = "Surface Mount"; VariantName = "[No Variations]"
Change component parameters (AddParameter): Name = "Number of Pins"; Value = "8"; VariantName = "[No Variations]"
Change component parameters (AddParameter): Name = "Package Quantity"; Value = "900"; VariantName = "[No Variations]"
Change component parameters (AddParameter): Name = "Packaging"; Value = "Tape and Reel"; VariantName = "[No Variations]"
Change component parameters (AddParameter): Name = "Polarity"; Value = "Polar"; VariantName = "[No Variations]"
Change component parameters (AddParameter): Name = "Radiation Hardening"; Value = "No"; VariantName = "[No Variations]"
Change component parameters (AddParameter): Name = "REACH SVHC"; Value = "No SVHC"; VariantName = "[No Variations]"
Change component parameters (AddParameter): Name = "Ripple Current"; Value = "280mA"; VariantName = "[No Variations]"
Change component parameters (AddParameter): Name = "Ripple Current (AC)"; Value = "280mA"; VariantName = "[No Variations]"
Change component parameters (AddParameter): Name = "RoHS Compliant"; Value = "Yes"; VariantName = "[No Variations]"
Change component parameters (AddParameter): Name = "Series"; Value = "FK"; VariantName = "[No Variations]"
Change component parameters (AddParameter): Name = "Termination"; Value = "SMD/SMT"; VariantName = "[No Variations]"
Change component parameters (AddParameter): Name = "Tolerance"; Value = "20%"; VariantName = "[No Variations]"
Change component parameters (AddParameter): Name = "Voltage"; Value = "16V"; VariantName = "[No Variations]"
Change component parameters (AddParameter): Name = "Voltage Rating"; Value = "16V"; VariantName = "[No Variations]"
Change component parameters (AddParameter): Name = "Voltage Rating (DC)"; Value = "16V"; VariantName = "[No Variations]"
Change component parameters (AddParameter): Name = "Width"; Value = "8.3mm"; VariantName = "[No Variations]"
Change component parameters: Designator = "C16" ("C16"); Footprint = "GRM18x"; UniqueID = "\XWHURYMP\MVZBILIY" ("\XWHURYMP\MVZBILIY")
Change component parameters (AddParameter): Name = "Automotive"; Value = "No"; VariantName = "[No Variations]"
Change component parameters (AddParameter): Name = "Capacitance"; Value = "100 nF"; VariantName = "[No Variations]"
Change component parameters (AddParameter): Name = "Category"; Value = "Cap"; VariantName = "[No Variations]"
Change component parameters (AddParameter): Name = "ComponentLink2Description"; Value = "Datasheet"; VariantName = "[No Variations]"
Change component parameters (AddParameter): Name = "ComponentLink2URL"; Value = "http://www.yageo.com/documents/recent/UPY-GPHC_X7R_6.3V-to-50V_18.pdf"; VariantName = "[No Variations]"
Change component parameters (AddParameter): Name = "Device Class L1"; Value = "Passive Components"; VariantName = "[No Variations]"
Change component parameters (AddParameter): Name = "Device Class L2"; Value = "Capacitors"; VariantName = "[No Variations]"
Change component parameters (AddParameter): Name = "Device Class L3"; Value = "Ceramic Capacitors"; VariantName = "[No Variations]"
Change component parameters (AddParameter): Name = "Digikey Description"; Value = "CAP CER 0.1UF 50V X7R 0603"; VariantName = "[No Variations]"
Change component parameters (AddParameter): Name = "Footprint Url"; Value = "http://www.yageo.com/exep/pages/download/literatures/UPY-C_GEN_24.pdf"; VariantName = "[No Variations]"
Change component parameters (AddParameter): Name = "Height"; Value = "0.9mm"; VariantName = "[No Variations]"
Change component parameters (AddParameter): Name = "Lead Free"; Value = "Yes"; VariantName = "[No Variations]"
Change component parameters (AddParameter): Name = "Manufacturer"; Value = "YAGEO"; VariantName = "[No Variations]"
Change component parameters (AddParameter): Name = "Manufacturer Part Number"; Value = "CC0603MRX7R9BB104"; VariantName = "[No Variations]"
Change component parameters (AddParameter): Name = "Material"; Value = "Ceramic"; VariantName = "[No Variations]"
Change component parameters (AddParameter): Name = "Mouser Description"; Value = "Cap Ceramic 50V 20% +Tol 20% -Tol X7R 15% TC 0.1uF SMD 0603"; VariantName = "[No Variations]"
Change component parameters (AddParameter): Name = "Octopart"; Value = "https://octopart.com/cc0603mrx7r9bb104-yageo-67308423"; VariantName = "[No Variations]"
Change component parameters (AddParameter): Name = "Package"; Value = "CC0603-DA"; VariantName = "[No Variations]"
Change component parameters (AddParameter): Name = "RoHS"; Value = "TRUE"; VariantName = "[No Variations]"
Change component parameters (AddParameter): Name = "Temperature"; Value = "-55°C to +125°C"; VariantName = "[No Variations]"
Change component parameters (AddParameter): Name = "Temperature Characteristic"; Value = "X7R"; VariantName = "[No Variations]"
Change component parameters (AddParameter): Name = "Temperature Coefficient"; Value = "15%"; VariantName = "[No Variations]"
Change component parameters (AddParameter): Name = "Temperature Range High"; Value = "+125°C"; VariantName = "[No Variations]"
Change component parameters (AddParameter): Name = "Temperature Range Low"; Value = "-55°C"; VariantName = "[No Variations]"
Change component parameters (AddParameter): Name = "Tolerance"; Value = "0.2"; VariantName = "[No Variations]"
Change component parameters (AddParameter): Name = "Value"; Value = "100 nF"; VariantName = "[No Variations]"
Change component parameters (AddParameter): Name = "Voltage"; Value = "50 V"; VariantName = "[No Variations]"
Change component parameters (AddParameter): Name = "Voltage Rating"; Value = "50 V"; VariantName = "[No Variations]"
Change component parameters: Designator = "C17" ("C17"); Footprint = "CAPC2012X95N"; UniqueID = "\XWHURYMP\UXVPRLXL" ("\XWHURYMP\UXVPRLXL")
Change component parameters (AddParameter): Name = "Automotive"; Value = "No"; VariantName = "[No Variations]"
Change component parameters (AddParameter): Name = "Capacitance"; Value = "1 uF"; VariantName = "[No Variations]"
Change component parameters (AddParameter): Name = "Category"; Value = "Cap"; VariantName = "[No Variations]"
Change component parameters (AddParameter): Name = "ComponentLink2Description"; Value = "Datasheet"; VariantName = "[No Variations]"
Change component parameters (AddParameter): Name = "ComponentLink2URL"; Value = "http://www.yageo.com/documents/recent/UPY-GPHC_X7R_6.3V-to-50V_18.pdf"; VariantName = "[No Variations]"
Change component parameters (AddParameter): Name = "Device Class L1"; Value = "Passive Components"; VariantName = "[No Variations]"
Change component parameters (AddParameter): Name = "Device Class L2"; Value = "Capacitors"; VariantName = "[No Variations]"
Change component parameters (AddParameter): Name = "Device Class L3"; Value = "Ceramic Capacitors"; VariantName = "[No Variations]"
Change component parameters (AddParameter): Name = "Footprint Url"; Value = "http://www.yageo.com/exep/pages/download/literatures/UPY-C_GEN_24.pdf"; VariantName = "[No Variations]"
Change component parameters (AddParameter): Name = "Height"; Value = "0.9mm"; VariantName = "[No Variations]"
Change component parameters (AddParameter): Name = "Lead Free"; Value = "Yes"; VariantName = "[No Variations]"
Change component parameters (AddParameter): Name = "Manufacturer"; Value = "YAGEO"; VariantName = "[No Variations]"
Change component parameters (AddParameter): Name = "Manufacturer Part Number"; Value = "CC0603KPX7R7BB105"; VariantName = "[No Variations]"
Change component parameters (AddParameter): Name = "Material"; Value = "Ceramic"; VariantName = "[No Variations]"
Change component parameters (AddParameter): Name = "Mouser Description"; Value = "Cap Ceramic 1uF 16V X7R 10% SMD 0603 125°C Paper T/R"; VariantName = "[No Variations]"
Change component parameters (AddParameter): Name = "Octopart"; Value = "https://octopart.com/cc0603kpx7r7bb105-yageo-25629533"; VariantName = "[No Variations]"
Change component parameters (AddParameter): Name = "Package"; Value = "CC0603-DA"; VariantName = "[No Variations]"
Change component parameters (AddParameter): Name = "RoHS"; Value = "TRUE"; VariantName = "[No Variations]"
Change component parameters (AddParameter): Name = "Temperature"; Value = "-55°C to +125°C"; VariantName = "[No Variations]"
Change component parameters (AddParameter): Name = "Temperature Characteristic"; Value = "X7R"; VariantName = "[No Variations]"
Change component parameters (AddParameter): Name = "Temperature Coefficient"; Value = "15%"; VariantName = "[No Variations]"
Change component parameters (AddParameter): Name = "Temperature Range High"; Value = "+125°C"; VariantName = "[No Variations]"
Change component parameters (AddParameter): Name = "Temperature Range Low"; Value = "-55°C"; VariantName = "[No Variations]"
Change component parameters (AddParameter): Name = "Tolerance"; Value = "0.1"; VariantName = "[No Variations]"
Change component parameters (AddParameter): Name = "Value"; Value = "1 uF"; VariantName = "[No Variations]"
Change component parameters (AddParameter): Name = "Voltage"; Value = "16 V"; VariantName = "[No Variations]"
Change component parameters (AddParameter): Name = "Voltage Rating"; Value = "16 V"; VariantName = "[No Variations]"
Change component parameters: Designator = "C18" ("C18"); Footprint = "CAPC2012X95N"; UniqueID = "\XWHURYMP\SLLQDBKR" ("\XWHURYMP\SLLQDBKR")
Change component parameters (AddParameter): Name = "Automotive"; Value = "No"; VariantName = "[No Variations]"
Change component parameters (AddParameter): Name = "Capacitance"; Value = "1 uF"; VariantName = "[No Variations]"
Change component parameters (AddParameter): Name = "Category"; Value = "Cap"; VariantName = "[No Variations]"
Change component parameters (AddParameter): Name = "ComponentLink2Description"; Value = "Datasheet"; VariantName = "[No Variations]"
Change component parameters (AddParameter): Name = "ComponentLink2URL"; Value = "http://www.yageo.com/documents/recent/UPY-GPHC_X7R_6.3V-to-50V_18.pdf"; VariantName = "[No Variations]"
Change component parameters (AddParameter): Name = "Device Class L1"; Value = "Passive Components"; VariantName = "[No Variations]"
Change component parameters (AddParameter): Name = "Device Class L2"; Value = "Capacitors"; VariantName = "[No Variations]"
Change component parameters (AddParameter): Name = "Device Class L3"; Value = "Ceramic Capacitors"; VariantName = "[No Variations]"
Change component parameters (AddParameter): Name = "Footprint Url"; Value = "http://www.yageo.com/exep/pages/download/literatures/UPY-C_GEN_24.pdf"; VariantName = "[No Variations]"
Change component parameters (AddParameter): Name = "Height"; Value = "0.9mm"; VariantName = "[No Variations]"
Change component parameters (AddParameter): Name = "Lead Free"; Value = "Yes"; VariantName = "[No Variations]"
Change component parameters (AddParameter): Name = "Manufacturer"; Value = "YAGEO"; VariantName = "[No Variations]"
Change component parameters (AddParameter): Name = "Manufacturer Part Number"; Value = "CC0603KPX7R7BB105"; VariantName = "[No Variations]"
Change component parameters (AddParameter): Name = "Material"; Value = "Ceramic"; VariantName = "[No Variations]"
Change component parameters (AddParameter): Name = "Mouser Description"; Value = "Cap Ceramic 1uF 16V X7R 10% SMD 0603 125°C Paper T/R"; VariantName = "[No Variations]"
Change component parameters (AddParameter): Name = "Octopart"; Value = "https://octopart.com/cc0603kpx7r7bb105-yageo-25629533"; VariantName = "[No Variations]"
Change component parameters (AddParameter): Name = "Package"; Value = "CC0603-DA"; VariantName = "[No Variations]"
Change component parameters (AddParameter): Name = "RoHS"; Value = "TRUE"; VariantName = "[No Variations]"
Change component parameters (AddParameter): Name = "Temperature"; Value = "-55°C to +125°C"; VariantName = "[No Variations]"
Change component parameters (AddParameter): Name = "Temperature Characteristic"; Value = "X7R"; VariantName = "[No Variations]"
Change component parameters (AddParameter): Name = "Temperature Coefficient"; Value = "15%"; VariantName = "[No Variations]"
Change component parameters (AddParameter): Name = "Temperature Range High"; Value = "+125°C"; VariantName = "[No Variations]"
Change component parameters (AddParameter): Name = "Temperature Range Low"; Value = "-55°C"; VariantName = "[No Variations]"
Change component parameters (AddParameter): Name = "Tolerance"; Value = "0.1"; VariantName = "[No Variations]"
Change component parameters (AddParameter): Name = "Value"; Value = "1 uF"; VariantName = "[No Variations]"
Change component parameters (AddParameter): Name = "Voltage"; Value = "16 V"; VariantName = "[No Variations]"
Change component parameters (AddParameter): Name = "Voltage Rating"; Value = "16 V"; VariantName = "[No Variations]"
Change component parameters: Designator = "C19" ("C19"); Footprint = "CAPC2012X95N"; UniqueID = "\XWHURYMP\IZYZWQJP" ("\XWHURYMP\IZYZWQJP")
Change component parameters (AddParameter): Name = "Automotive"; Value = "No"; VariantName = "[No Variations]"
Change component parameters (AddParameter): Name = "Capacitance"; Value = "1 uF"; VariantName = "[No Variations]"
Change component parameters (AddParameter): Name = "Category"; Value = "Cap"; VariantName = "[No Variations]"
Change component parameters (AddParameter): Name = "ComponentLink2Description"; Value = "Datasheet"; VariantName = "[No Variations]"
Change component parameters (AddParameter): Name = "ComponentLink2URL"; Value = "http://www.yageo.com/documents/recent/UPY-GPHC_X7R_6.3V-to-50V_18.pdf"; VariantName = "[No Variations]"
Change component parameters (AddParameter): Name = "Device Class L1"; Value = "Passive Components"; VariantName = "[No Variations]"
Change component parameters (AddParameter): Name = "Device Class L2"; Value = "Capacitors"; VariantName = "[No Variations]"
Change component parameters (AddParameter): Name = "Device Class L3"; Value = "Ceramic Capacitors"; VariantName = "[No Variations]"
Change component parameters (AddParameter): Name = "Footprint Url"; Value = "http://www.yageo.com/exep/pages/download/literatures/UPY-C_GEN_24.pdf"; VariantName = "[No Variations]"
Change component parameters (AddParameter): Name = "Height"; Value = "0.9mm"; VariantName = "[No Variations]"
Change component parameters (AddParameter): Name = "Lead Free"; Value = "Yes"; VariantName = "[No Variations]"
Change component parameters (AddParameter): Name = "Manufacturer"; Value = "YAGEO"; VariantName = "[No Variations]"
Change component parameters (AddParameter): Name = "Manufacturer Part Number"; Value = "CC0603KPX7R7BB105"; VariantName = "[No Variations]"
Change component parameters (AddParameter): Name = "Material"; Value = "Ceramic"; VariantName = "[No Variations]"
Change component parameters (AddParameter): Name = "Mouser Description"; Value = "Cap Ceramic 1uF 16V X7R 10% SMD 0603 125°C Paper T/R"; VariantName = "[No Variations]"
Change component parameters (AddParameter): Name = "Octopart"; Value = "https://octopart.com/cc0603kpx7r7bb105-yageo-25629533"; VariantName = "[No Variations]"
Change component parameters (AddParameter): Name = "Package"; Value = "CC0603-DA"; VariantName = "[No Variations]"
Change component parameters (AddParameter): Name = "RoHS"; Value = "TRUE"; VariantName = "[No Variations]"
Change component parameters (AddParameter): Name = "Temperature"; Value = "-55°C to +125°C"; VariantName = "[No Variations]"
Change component parameters (AddParameter): Name = "Temperature Characteristic"; Value = "X7R"; VariantName = "[No Variations]"
Change component parameters (AddParameter): Name = "Temperature Coefficient"; Value = "15%"; VariantName = "[No Variations]"
Change component parameters (AddParameter): Name = "Temperature Range High"; Value = "+125°C"; VariantName = "[No Variations]"
Change component parameters (AddParameter): Name = "Temperature Range Low"; Value = "-55°C"; VariantName = "[No Variations]"
Change component parameters (AddParameter): Name = "Tolerance"; Value = "0.1"; VariantName = "[No Variations]"
Change component parameters (AddParameter): Name = "Value"; Value = "1 uF"; VariantName = "[No Variations]"
Change component parameters (AddParameter): Name = "Voltage"; Value = "16 V"; VariantName = "[No Variations]"
Change component parameters (AddParameter): Name = "Voltage Rating"; Value = "16 V"; VariantName = "[No Variations]"
Change component parameters: Designator = "C20" ("C20"); Footprint = "CAPC2012X95N"; UniqueID = "\XWHURYMP\IRONVBBE" ("\XWHURYMP\IRONVBBE")
Change component parameters (AddParameter): Name = "Automotive"; Value = "No"; VariantName = "[No Variations]"
Change component parameters (AddParameter): Name = "Capacitance"; Value = "100 nF"; VariantName = "[No Variations]"
Change component parameters (AddParameter): Name = "Category"; Value = "Cap"; VariantName = "[No Variations]"
Change component parameters (AddParameter): Name = "ComponentLink2Description"; Value = "Datasheet"; VariantName = "[No Variations]"
Change component parameters (AddParameter): Name = "ComponentLink2URL"; Value = "http://www.yageo.com/documents/recent/UPY-GPHC_X7R_6.3V-to-50V_18.pdf"; VariantName = "[No Variations]"
Change component parameters (AddParameter): Name = "Device Class L1"; Value = "Passive Components"; VariantName = "[No Variations]"
Change component parameters (AddParameter): Name = "Device Class L2"; Value = "Capacitors"; VariantName = "[No Variations]"
Change component parameters (AddParameter): Name = "Device Class L3"; Value = "Ceramic Capacitors"; VariantName = "[No Variations]"
Change component parameters (AddParameter): Name = "Digikey Description"; Value = "CAP CER 0.1UF 50V X7R 0603"; VariantName = "[No Variations]"
Change component parameters (AddParameter): Name = "Footprint Url"; Value = "http://www.yageo.com/exep/pages/download/literatures/UPY-C_GEN_24.pdf"; VariantName = "[No Variations]"
Change component parameters (AddParameter): Name = "Height"; Value = "0.9mm"; VariantName = "[No Variations]"
Change component parameters (AddParameter): Name = "Lead Free"; Value = "Yes"; VariantName = "[No Variations]"
Change component parameters (AddParameter): Name = "Manufacturer"; Value = "YAGEO"; VariantName = "[No Variations]"
Change component parameters (AddParameter): Name = "Manufacturer Part Number"; Value = "CC0603MRX7R9BB104"; VariantName = "[No Variations]"
Change component parameters (AddParameter): Name = "Material"; Value = "Ceramic"; VariantName = "[No Variations]"
Change component parameters (AddParameter): Name = "Mouser Description"; Value = "Cap Ceramic 50V 20% +Tol 20% -Tol X7R 15% TC 0.1uF SMD 0603"; VariantName = "[No Variations]"
Change component parameters (AddParameter): Name = "Octopart"; Value = "https://octopart.com/cc0603mrx7r9bb104-yageo-67308423"; VariantName = "[No Variations]"
Change component parameters (AddParameter): Name = "Package"; Value = "CC0603-DA"; VariantName = "[No Variations]"
Change component parameters (AddParameter): Name = "RoHS"; Value = "TRUE"; VariantName = "[No Variations]"
Change component parameters (AddParameter): Name = "Temperature"; Value = "-55°C to +125°C"; VariantName = "[No Variations]"
Change component parameters (AddParameter): Name = "Temperature Characteristic"; Value = "X7R"; VariantName = "[No Variations]"
Change component parameters (AddParameter): Name = "Temperature Coefficient"; Value = "15%"; VariantName = "[No Variations]"
Change component parameters (AddParameter): Name = "Temperature Range High"; Value = "+125°C"; VariantName = "[No Variations]"
Change component parameters (AddParameter): Name = "Temperature Range Low"; Value = "-55°C"; VariantName = "[No Variations]"
Change component parameters (AddParameter): Name = "Tolerance"; Value = "0.2"; VariantName = "[No Variations]"
Change component parameters (AddParameter): Name = "Value"; Value = "100 nF"; VariantName = "[No Variations]"
Change component parameters (AddParameter): Name = "Voltage"; Value = "50 V"; VariantName = "[No Variations]"
Change component parameters (AddParameter): Name = "Voltage Rating"; Value = "50 V"; VariantName = "[No Variations]"
Change component parameters: Designator = "J3" ("J3"); Footprint = "HDRV5W64P0X254_1X5_1270X254X854P"; UniqueID = "\MBWVEYZM\STITQSJZ" ("\MBWVEYZM\STITQSJZ")
Change component parameters (AddParameter): Name = "ComponentLink1Description"; Value = "Manufacturer URL"; VariantName = "[No Variations]"
Change component parameters (AddParameter): Name = "ComponentLink1URL"; Value = "http://www.samtec.com"; VariantName = "[No Variations]"
Change component parameters (AddParameter): Name = "ComponentLink2Description"; Value = "Datasheet"; VariantName = "[No Variations]"
Change component parameters (AddParameter): Name = "ComponentLink2URL"; Value = "http://www.samtec.com/documents/webfiles/pdf/TSW_TH.PDF"; VariantName = "[No Variations]"
Change component parameters (AddParameter): Name = "ComponentLink3Description"; Value = "Package Specification"; VariantName = "[No Variations]"
Change component parameters (AddParameter): Name = "ComponentLink3URL"; Value = "http://www.samtec.com/documents/webfiles/cpdf/TSW-XXX-XX-XXX-X-XX-XXX-MKT.pdf"; VariantName = "[No Variations]"
Change component parameters (AddParameter): Name = "DatasheetVersion"; Value = "F-214"; VariantName = "[No Variations]"
Change component parameters (AddParameter): Name = "Manufacturer"; Value = "Samtec"; VariantName = "[No Variations]"
Change component parameters (AddParameter): Name = "Mounting Technology"; Value = "Through-hole"; VariantName = "[No Variations]"
Change component parameters (AddParameter): Name = "Orientation"; Value = "Vertical"; VariantName = "[No Variations]"
Change component parameters (AddParameter): Name = "PackageDescription"; Value = ".025[0.64] SQ. Post Terminal Strip Assembly"; VariantName = "[No Variations]"
Change component parameters (AddParameter): Name = "PackageReference"; Value = "TSW-105-05-X-S"; VariantName = "[No Variations]"
Change component parameters (AddParameter): Name = "PackageVersion"; Value = "DM, 8/1988"; VariantName = "[No Variations]"
Change component parameters (AddParameter): Name = "PartNumber"; Value = "TSW-105-05-G-S"; VariantName = "[No Variations]"
Change component parameters (AddParameter): Name = "Pitch"; Value = "2.54 mm"; VariantName = "[No Variations]"
Change component parameters (AddParameter): Name = "RoHS"; Value = "True"; VariantName = "[No Variations]"
Change component parameters (AddParameter): Name = "Temperature Range"; Value = "-55 to 125 degC"; VariantName = "[No Variations]"
Change component parameters: Designator = "L1" ("L1"); Footprint = "104CDMCCDS470MC"; UniqueID = "\XWHURYMP\NMDZHMQD" ("\XWHURYMP\NMDZHMQD")
Change component parameters (AddParameter): Name = "Case/Package"; Value = ""; VariantName = "[No Variations]"
Change component parameters (AddParameter): Name = "Current Rating"; Value = ""; VariantName = "[No Variations]"
Change component parameters (AddParameter): Name = "Max Current Rating"; Value = ""; VariantName = "[No Variations]"
Change component parameters (AddParameter): Name = "Max Operating Temperature"; Value = ""; VariantName = "[No Variations]"
Change component parameters (AddParameter): Name = "Min Operating Temperature"; Value = ""; VariantName = "[No Variations]"
Change component parameters (AddParameter): Name = "Mounting Technology"; Value = ""; VariantName = "[No Variations]"
Change component parameters (AddParameter): Name = "Pins"; Value = ""; VariantName = "[No Variations]"
Change component parameters (AddParameter): Name = "RoHS Compliant"; Value = ""; VariantName = "[No Variations]"
Change component parameters (AddParameter): Name = "Self Resonant Frequency"; Value = ""; VariantName = "[No Variations]"
Change component parameters (AddParameter): Name = "Tolerance"; Value = ""; VariantName = "[No Variations]"
Change component parameters (AddParameter): Name = "Value"; Value = ""; VariantName = "[No Variations]"
Change component parameters: Designator = "R1" ("R1"); Footprint = "RESC1608X55N"; UniqueID = "\VAUXFIGM\FFGZNIYX" ("\VAUXFIGM\FFGZNIYX")
Change component parameters (AddParameter): Name = "Case Code (Imperial)"; Value = "0603"; VariantName = "[No Variations]"
Change component parameters (AddParameter): Name = "Case Code (Metric)"; Value = "1608"; VariantName = "[No Variations]"
Change component parameters (AddParameter): Name = "Case/Package"; Value = "0603"; VariantName = "[No Variations]"
Change component parameters (AddParameter): Name = "Composition"; Value = "ThickFilm"; VariantName = "[No Variations]"
Change component parameters (AddParameter): Name = "Contact Plating"; Value = "Tin"; VariantName = "[No Variations]"
Change component parameters (AddParameter): Name = "Datasheet URL"; Value = "http://www.yageo.com/NewPortal/yageodocoutput?fileName=/pdf/R-Chip/PYu-RC_Group_51_RoHS_L_5.pdf"; VariantName = "[No Variations]"
Change component parameters (AddParameter): Name = "Datasheet Version"; Value = "Rev. 5, 10/2016"; VariantName = "[No Variations]"
Change component parameters (AddParameter): Name = "Depth"; Value = "0.8mm"; VariantName = "[No Variations]"
Change component parameters (AddParameter): Name = "Height"; Value = "0.45mm"; VariantName = "[No Variations]"
Change component parameters (AddParameter): Name = "Lead Free"; Value = "LeadFree"; VariantName = "[No Variations]"
Change component parameters (AddParameter): Name = "Length"; Value = "1.6mm"; VariantName = "[No Variations]"
Change component parameters (AddParameter): Name = "Manufacturer"; Value = "Yageo"; VariantName = "[No Variations]"
Change component parameters (AddParameter): Name = "Manufacturer URL"; Value = "http://www.yageo.com/"; VariantName = "[No Variations]"
Change component parameters (AddParameter): Name = "Max Operating Temperature"; Value = "155degC"; VariantName = "[No Variations]"
Change component parameters (AddParameter): Name = "Military Standard"; Value = "Not"; VariantName = "[No Variations]"
Change component parameters (AddParameter): Name = "Min Operating Temperature"; Value = "-55degC"; VariantName = "[No Variations]"
Change component parameters (AddParameter): Name = "Number of Pins"; Value = "2"; VariantName = "[No Variations]"
Change component parameters (AddParameter): Name = "Package Description"; Value = "2-Pin Surface Mount Device, Body 1.6 x 0.8 mm"; VariantName = "[No Variations]"
Change component parameters (AddParameter): Name = "Package Quantity"; Value = "5000"; VariantName = "[No Variations]"
Change component parameters (AddParameter): Name = "Package Reference"; Value = "0603"; VariantName = "[No Variations]"
Change component parameters (AddParameter): Name = "Packaging"; Value = "TapeandReel"; VariantName = "[No Variations]"
Change component parameters (AddParameter): Name = "Power Rating"; Value = "100mW"; VariantName = "[No Variations]"
Change component parameters (AddParameter): Name = "Radiation Hardening"; Value = "No"; VariantName = "[No Variations]"
Change component parameters (AddParameter): Name = "REACH SVHC"; Value = "NoSVHC"; VariantName = "[No Variations]"
Change component parameters (AddParameter): Name = "Resistance"; Value = "0mOhm"; VariantName = "[No Variations]"
Change component parameters (AddParameter): Name = "RoHSCompliant"; Value = "true"; VariantName = "[No Variations]"
Change component parameters (AddParameter): Name = "Temperature Coefficient"; Value = "200ppm/degreesC"; VariantName = "[No Variations]"
Change component parameters (AddParameter): Name = "Termination"; Value = "SMD/SMT"; VariantName = "[No Variations]"
Change component parameters (AddParameter): Name = "Tolerance"; Value = "5%"; VariantName = "[No Variations]"
Change component parameters (AddParameter): Name = "Voltage Rating"; Value = "50V"; VariantName = "[No Variations]"
Change component parameters (AddParameter): Name = "Voltage Rating (DC)"; Value = "50V"; VariantName = "[No Variations]"
Change component parameters (AddParameter): Name = "Width"; Value = "0.8mm"; VariantName = "[No Variations]"
Change component parameters: Designator = "R2" ("R2"); Footprint = "RESC1608X55N"; UniqueID = "\VAUXFIGM\HWIPZBFF" ("\VAUXFIGM\HWIPZBFF")
Change component parameters (AddParameter): Name = "Case Code (Imperial)"; Value = "0603"; VariantName = "[No Variations]"
Change component parameters (AddParameter): Name = "Case Code (Metric)"; Value = "1608"; VariantName = "[No Variations]"
Change component parameters (AddParameter): Name = "Case/Package"; Value = "0603"; VariantName = "[No Variations]"
Change component parameters (AddParameter): Name = "Construction"; Value = "Rectangular"; VariantName = "[No Variations]"
Change component parameters (AddParameter): Name = "Depth"; Value = "0.8mm"; VariantName = "[No Variations]"
Change component parameters (AddParameter): Name = "Features"; Value = "Moisture Resistant"; VariantName = "[No Variations]"
Change component parameters (AddParameter): Name = "Height"; Value = "0.45mm"; VariantName = "[No Variations]"
Change component parameters (AddParameter): Name = "Lead Free"; Value = "Lead Free"; VariantName = "[No Variations]"
Change component parameters (AddParameter): Name = "Lead Pitch"; Value = "0.3mm"; VariantName = "[No Variations]"
Change component parameters (AddParameter): Name = "Length"; Value = "1.6mm"; VariantName = "[No Variations]"
Change component parameters (AddParameter): Name = "Max Operating Temperature"; Value = "155°C"; VariantName = "[No Variations]"
Change component parameters (AddParameter): Name = "Max Power Dissipation"; Value = "100mW"; VariantName = "[No Variations]"
Change component parameters (AddParameter): Name = "Military Standard"; Value = "Not"; VariantName = "[No Variations]"
Change component parameters (AddParameter): Name = "Min Operating Temperature"; Value = "-55°C"; VariantName = "[No Variations]"
Change component parameters (AddParameter): Name = "Number of Pins"; Value = "2"; VariantName = "[No Variations]"
Change component parameters (AddParameter): Name = "Number of Terminations"; Value = "2"; VariantName = "[No Variations]"
Change component parameters (AddParameter): Name = "Packaging"; Value = "Tape and Reel"; VariantName = "[No Variations]"
Change component parameters (AddParameter): Name = "Power Rating"; Value = "100mW"; VariantName = "[No Variations]"
Change component parameters (AddParameter): Name = "Resistance"; Value = "10kR"; VariantName = "[No Variations]"
Change component parameters (AddParameter): Name = "Resistance Tolerance"; Value = "1%"; VariantName = "[No Variations]"
Change component parameters (AddParameter): Name = "Resistor Type"; Value = "Thick Film"; VariantName = "[No Variations]"
Change component parameters (AddParameter): Name = "RoHS Compliant"; Value = "Yes"; VariantName = "[No Variations]"
Change component parameters (AddParameter): Name = "Series"; Value = "RC"; VariantName = "[No Variations]"
Change component parameters (AddParameter): Name = "Size Code"; Value = "0603"; VariantName = "[No Variations]"
Change component parameters (AddParameter): Name = "Temperature Coefficient"; Value = "100ppm/°C"; VariantName = "[No Variations]"
Change component parameters (AddParameter): Name = "Termination"; Value = "SMD/SMT"; VariantName = "[No Variations]"
Change component parameters (AddParameter): Name = "Tolerance"; Value = "1%"; VariantName = "[No Variations]"
Change component parameters (AddParameter): Name = "Voltage Rating"; Value = "75V"; VariantName = "[No Variations]"
Change component parameters (AddParameter): Name = "Voltage Rating (DC)"; Value = "50V"; VariantName = "[No Variations]"
Change component parameters (AddParameter): Name = "Weight"; Value = "7.1E-05oz"; VariantName = "[No Variations]"
Change component parameters (AddParameter): Name = "Width"; Value = "0.8mm"; VariantName = "[No Variations]"
Change component parameters: Designator = "R3" ("R3"); Footprint = "RESC1608X55N"; UniqueID = "\VAUXFIGM\GZTHNVNY" ("\VAUXFIGM\GZTHNVNY")
Change component parameters (AddParameter): Name = "Case Code (Imperial)"; Value = "0603"; VariantName = "[No Variations]"
Change component parameters (AddParameter): Name = "Case Code (Metric)"; Value = "1608"; VariantName = "[No Variations]"
Change component parameters (AddParameter): Name = "Case/Package"; Value = "0603"; VariantName = "[No Variations]"
Change component parameters (AddParameter): Name = "Composition"; Value = "ThickFilm"; VariantName = "[No Variations]"
Change component parameters (AddParameter): Name = "Contact Plating"; Value = "Tin"; VariantName = "[No Variations]"
Change component parameters (AddParameter): Name = "Datasheet URL"; Value = "http://www.yageo.com/NewPortal/yageodocoutput?fileName=/pdf/R-Chip/PYu-RC_Group_51_RoHS_L_5.pdf"; VariantName = "[No Variations]"
Change component parameters (AddParameter): Name = "Datasheet Version"; Value = "Rev. 5, 10/2016"; VariantName = "[No Variations]"
Change component parameters (AddParameter): Name = "Depth"; Value = "0.8mm"; VariantName = "[No Variations]"
Change component parameters (AddParameter): Name = "Height"; Value = "0.45mm"; VariantName = "[No Variations]"
Change component parameters (AddParameter): Name = "Lead Free"; Value = "LeadFree"; VariantName = "[No Variations]"
Change component parameters (AddParameter): Name = "Length"; Value = "1.6mm"; VariantName = "[No Variations]"
Change component parameters (AddParameter): Name = "Manufacturer"; Value = "Yageo"; VariantName = "[No Variations]"
Change component parameters (AddParameter): Name = "Manufacturer URL"; Value = "http://www.yageo.com/"; VariantName = "[No Variations]"
Change component parameters (AddParameter): Name = "Max Operating Temperature"; Value = "155degC"; VariantName = "[No Variations]"
Change component parameters (AddParameter): Name = "Military Standard"; Value = "Not"; VariantName = "[No Variations]"
Change component parameters (AddParameter): Name = "Min Operating Temperature"; Value = "-55degC"; VariantName = "[No Variations]"
Change component parameters (AddParameter): Name = "Number of Pins"; Value = "2"; VariantName = "[No Variations]"
Change component parameters (AddParameter): Name = "Package Description"; Value = "2-Pin Surface Mount Device, Body 1.6 x 0.8 mm"; VariantName = "[No Variations]"
Change component parameters (AddParameter): Name = "Package Quantity"; Value = "5000"; VariantName = "[No Variations]"
Change component parameters (AddParameter): Name = "Package Reference"; Value = "0603"; VariantName = "[No Variations]"
Change component parameters (AddParameter): Name = "Packaging"; Value = "TapeandReel"; VariantName = "[No Variations]"
Change component parameters (AddParameter): Name = "Power Rating"; Value = "100mW"; VariantName = "[No Variations]"
Change component parameters (AddParameter): Name = "Radiation Hardening"; Value = "No"; VariantName = "[No Variations]"
Change component parameters (AddParameter): Name = "REACH SVHC"; Value = "NoSVHC"; VariantName = "[No Variations]"
Change component parameters (AddParameter): Name = "Resistance"; Value = "0mOhm"; VariantName = "[No Variations]"
Change component parameters (AddParameter): Name = "RoHSCompliant"; Value = "true"; VariantName = "[No Variations]"
Change component parameters (AddParameter): Name = "Temperature Coefficient"; Value = "200ppm/degreesC"; VariantName = "[No Variations]"
Change component parameters (AddParameter): Name = "Termination"; Value = "SMD/SMT"; VariantName = "[No Variations]"
Change component parameters (AddParameter): Name = "Tolerance"; Value = "5%"; VariantName = "[No Variations]"
Change component parameters (AddParameter): Name = "Voltage Rating"; Value = "50V"; VariantName = "[No Variations]"
Change component parameters (AddParameter): Name = "Voltage Rating (DC)"; Value = "50V"; VariantName = "[No Variations]"
Change component parameters (AddParameter): Name = "Width"; Value = "0.8mm"; VariantName = "[No Variations]"
Change component parameters: Designator = "R4" ("R4"); Footprint = "RESC1608X55N"; UniqueID = "\VAUXFIGM\GMDCRZBE" ("\VAUXFIGM\GMDCRZBE")
Change component parameters (AddParameter): Name = "Case Code (Imperial)"; Value = "0603"; VariantName = "[No Variations]"
Change component parameters (AddParameter): Name = "Case Code (Metric)"; Value = "1608"; VariantName = "[No Variations]"
Change component parameters (AddParameter): Name = "Case/Package"; Value = "0603"; VariantName = "[No Variations]"
Change component parameters (AddParameter): Name = "Construction"; Value = "Rectangular"; VariantName = "[No Variations]"
Change component parameters (AddParameter): Name = "Depth"; Value = "0.8mm"; VariantName = "[No Variations]"
Change component parameters (AddParameter): Name = "Features"; Value = "Moisture Resistant"; VariantName = "[No Variations]"
Change component parameters (AddParameter): Name = "Height"; Value = "0.45mm"; VariantName = "[No Variations]"
Change component parameters (AddParameter): Name = "Lead Free"; Value = "Lead Free"; VariantName = "[No Variations]"
Change component parameters (AddParameter): Name = "Lead Pitch"; Value = "0.3mm"; VariantName = "[No Variations]"
Change component parameters (AddParameter): Name = "Length"; Value = "1.6mm"; VariantName = "[No Variations]"
Change component parameters (AddParameter): Name = "Max Operating Temperature"; Value = "155°C"; VariantName = "[No Variations]"
Change component parameters (AddParameter): Name = "Max Power Dissipation"; Value = "100mW"; VariantName = "[No Variations]"
Change component parameters (AddParameter): Name = "Military Standard"; Value = "Not"; VariantName = "[No Variations]"
Change component parameters (AddParameter): Name = "Min Operating Temperature"; Value = "-55°C"; VariantName = "[No Variations]"
Change component parameters (AddParameter): Name = "Number of Pins"; Value = "2"; VariantName = "[No Variations]"
Change component parameters (AddParameter): Name = "Number of Terminations"; Value = "2"; VariantName = "[No Variations]"
Change component parameters (AddParameter): Name = "Packaging"; Value = "Tape and Reel"; VariantName = "[No Variations]"
Change component parameters (AddParameter): Name = "Power Rating"; Value = "100mW"; VariantName = "[No Variations]"
Change component parameters (AddParameter): Name = "Resistance"; Value = "10kR"; VariantName = "[No Variations]"
Change component parameters (AddParameter): Name = "Resistance Tolerance"; Value = "1%"; VariantName = "[No Variations]"
Change component parameters (AddParameter): Name = "Resistor Type"; Value = "Thick Film"; VariantName = "[No Variations]"
Change component parameters (AddParameter): Name = "RoHS Compliant"; Value = "Yes"; VariantName = "[No Variations]"
Change component parameters (AddParameter): Name = "Series"; Value = "RC"; VariantName = "[No Variations]"
Change component parameters (AddParameter): Name = "Size Code"; Value = "0603"; VariantName = "[No Variations]"
Change component parameters (AddParameter): Name = "Temperature Coefficient"; Value = "100ppm/°C"; VariantName = "[No Variations]"
Change component parameters (AddParameter): Name = "Termination"; Value = "SMD/SMT"; VariantName = "[No Variations]"
Change component parameters (AddParameter): Name = "Tolerance"; Value = "1%"; VariantName = "[No Variations]"
Change component parameters (AddParameter): Name = "Voltage Rating"; Value = "75V"; VariantName = "[No Variations]"
Change component parameters (AddParameter): Name = "Voltage Rating (DC)"; Value = "50V"; VariantName = "[No Variations]"
Change component parameters (AddParameter): Name = "Weight"; Value = "7.1E-05oz"; VariantName = "[No Variations]"
Change component parameters (AddParameter): Name = "Width"; Value = "0.8mm"; VariantName = "[No Variations]"
Change component parameters: Designator = "R5" ("R5"); Footprint = "RESC1608X55N"; UniqueID = "\VAUXFIGM\YKRGIMKR" ("\VAUXFIGM\YKRGIMKR")
Change component parameters (AddParameter): Name = "Capacitance"; Value = "47 uF"; VariantName = "[No Variations]"
Change component parameters (AddParameter): Name = "Case Code (Imperial)"; Value = "2917"; VariantName = "[No Variations]"
Change component parameters (AddParameter): Name = "Case Code (Metric)"; Value = "7343"; VariantName = "[No Variations]"
Change component parameters (AddParameter): Name = "Case/Package"; Value = "2917"; VariantName = "[No Variations]"
Change component parameters (AddParameter): Name = "ComponentLink1Description"; Value = "Manufacturer URL"; VariantName = "[No Variations]"
Change component parameters (AddParameter): Name = "ComponentLink1URL"; Value = "http://www.yageo.com/"; VariantName = "[No Variations]"
Change component parameters (AddParameter): Name = "ComponentLink2Description"; Value = "Datasheet"; VariantName = "[No Variations]"
Change component parameters (AddParameter): Name = "ComponentLink2URL"; Value = "http://www.yageo.com/documents/recent/PYu-RC_Group_51_RoHS_L_04.pdf"; VariantName = "[No Variations]"
Change component parameters (AddParameter): Name = "DatasheetVersion"; Value = "Rev. 4, 02/2016"; VariantName = "[No Variations]"
Change component parameters (AddParameter): Name = "ESR"; Value = "800 mohm"; VariantName = "[No Variations]"
Change component parameters (AddParameter): Name = "Height"; Value = "3.1 mm"; VariantName = "[No Variations]"
Change component parameters (AddParameter): Name = "Length"; Value = "7.3 mm"; VariantName = "[No Variations]"
Change component parameters (AddParameter): Name = "Max Operating Temperature"; Value = "125degC"; VariantName = "[No Variations]"
Change component parameters (AddParameter): Name = "Min Operating Temperature"; Value = "-55degC"; VariantName = "[No Variations]"
Change component parameters (AddParameter): Name = "Mount"; Value = "Surface Mount"; VariantName = "[No Variations]"
Change component parameters (AddParameter): Name = "Package Quantity"; Value = "500"; VariantName = "[No Variations]"
Change component parameters (AddParameter): Name = "PackageDescription"; Value = "2-Pin Surface Mount Device, Body 1.6 x 0.8 mm"; VariantName = "[No Variations]"
Change component parameters (AddParameter): Name = "PackageReference"; Value = "0603"; VariantName = "[No Variations]"
Change component parameters (AddParameter): Name = "Packaging"; Value = "Tape and Reel"; VariantName = "[No Variations]"
Change component parameters (AddParameter): Name = "Pins"; Value = "2"; VariantName = "[No Variations]"
Change component parameters (AddParameter): Name = "Radiation Hardening"; Value = "No"; VariantName = "[No Variations]"
Change component parameters (AddParameter): Name = "REACH SVHC"; Value = "No SVHC"; VariantName = "[No Variations]"
Change component parameters (AddParameter): Name = "RoHSCompliant"; Value = "True"; VariantName = "[No Variations]"
Change component parameters (AddParameter): Name = "Tolerance"; Value = "10%"; VariantName = "[No Variations]"
Change component parameters (AddParameter): Name = "Voltage Rating"; Value = "16 V"; VariantName = "[No Variations]"
Change component parameters (AddParameter): Name = "Voltage Rating (DC)"; Value = "16 V"; VariantName = "[No Variations]"
Change component parameters (AddParameter): Name = "Width"; Value = "4.3 mm"; VariantName = "[No Variations]"
Change component parameters: Designator = "R6" ("R6"); Footprint = "RESC1608X55N"; UniqueID = "\VJWHQSQO\NNRVOAEM" ("\VJWHQSQO\NNRVOAEM")
Change component parameters (AddParameter): Name = "Case Code (Imperial)"; Value = "0603"; VariantName = "[No Variations]"
Change component parameters (AddParameter): Name = "Case Code (Metric)"; Value = "1608"; VariantName = "[No Variations]"
Change component parameters (AddParameter): Name = "Case\Package"; Value = "0603"; VariantName = "[No Variations]"
Change component parameters (AddParameter): Name = "Colour"; Value = "Orange"; VariantName = "[No Variations]"
Change component parameters (AddParameter): Name = "ComponentLink1Description"; Value = "Manufacturer URL"; VariantName = "[No Variations]"
Change component parameters (AddParameter): Name = "ComponentLink1URL"; Value = "http://www.yageo.com/"; VariantName = "[No Variations]"
Change component parameters (AddParameter): Name = "ComponentLink2Description"; Value = "Datasheet"; VariantName = "[No Variations]"
Change component parameters (AddParameter): Name = "ComponentLink2URL"; Value = "http://www.yageo.com/documents/recent/PYu-RC_Group_51_RoHS_L_04.pdf"; VariantName = "[No Variations]"
Change component parameters (AddParameter): Name = "DatasheetVersion"; Value = "Rev. 4, 02/2016"; VariantName = "[No Variations]"
Change component parameters (AddParameter): Name = "Forward Current"; Value = "20 mA"; VariantName = "[No Variations]"
Change component parameters (AddParameter): Name = "Forward Voltage"; Value = "2.1 V"; VariantName = "[No Variations]"
Change component parameters (AddParameter): Name = "Height"; Value = "0.6 mm"; VariantName = "[No Variations]"
Change component parameters (AddParameter): Name = "Illumination Colour"; Value = "Orange"; VariantName = "[No Variations]"
Change component parameters (AddParameter): Name = "Length"; Value = "1.6 mm"; VariantName = "[No Variations]"
Change component parameters (AddParameter): Name = "Lens Style"; Value = "Diffused"; VariantName = "[No Variations]"
Change component parameters (AddParameter): Name = "Luminous Intensity"; Value = "80 mcd"; VariantName = "[No Variations]"
Change component parameters (AddParameter): Name = "Max Operating Temperature"; Value = "100 degC"; VariantName = "[No Variations]"
Change component parameters (AddParameter): Name = "Min Operating Temperature"; Value = "-40 degC"; VariantName = "[No Variations]"
Change component parameters (AddParameter): Name = "Mount"; Value = "Surface Mount"; VariantName = "[No Variations]"
Change component parameters (AddParameter): Name = "Nominal Vf"; Value = "2.1 V"; VariantName = "[No Variations]"
Change component parameters (AddParameter): Name = "Nominal Wavelength"; Value = "606 nm"; VariantName = "[No Variations]"
Change component parameters (AddParameter): Name = "Package Quantity"; Value = "3000"; VariantName = "[No Variations]"
Change component parameters (AddParameter): Name = "PackageDescription"; Value = "2-Pin Surface Mount Device, Body 1.6 x 0.8 mm"; VariantName = "[No Variations]"
Change component parameters (AddParameter): Name = "PackageReference"; Value = "0603"; VariantName = "[No Variations]"
Change component parameters (AddParameter): Name = "Packaging"; Value = "Tape and Reel"; VariantName = "[No Variations]"
Change component parameters (AddParameter): Name = "Pins"; Value = "2"; VariantName = "[No Variations]"
Change component parameters (AddParameter): Name = "Power Rating"; Value = "90 mW"; VariantName = "[No Variations]"
Change component parameters (AddParameter): Name = "Radiation Hardening"; Value = "No"; VariantName = "[No Variations]"
Change component parameters (AddParameter): Name = "REACH SVHC"; Value = "Unknown"; VariantName = "[No Variations]"
Change component parameters (AddParameter): Name = "RoHSCompliant"; Value = "true"; VariantName = "[No Variations]"
Change component parameters (AddParameter): Name = "Viewing Angle"; Value = "160 degrees"; VariantName = "[No Variations]"
Change component parameters (AddParameter): Name = "Width"; Value = "0.8 mm"; VariantName = "[No Variations]"
Change component parameters: Designator = "U2" ("U2"); Footprint = "LT-TS8-8-TSOT-23_V"; UniqueID = "\XWHURYMP\OHHFHLAN" ("\XWHURYMP\OHHFHLAN")
Change component parameters (AddParameter): Name = "Code_IPC"; Value = ""; VariantName = "[No Variations]"
Change component parameters (AddParameter): Name = "Code_JEDEC"; Value = "MO-169-AB"; VariantName = "[No Variations]"
Change component parameters (AddParameter): Name = "ComponentLink1Description"; Value = "Datasheet URL"; VariantName = "[No Variations]"
Change component parameters (AddParameter): Name = "ComponentLink1URL"; Value = "http://www.ti.com/general/docs/lit/getliterature.tsp?genericPartNumber=LM2596&fileType=pdf"; VariantName = "[No Variations]"
Change component parameters (AddParameter): Name = "CompType"; Value = "Switcher"; VariantName = "[No Variations]"
Change component parameters (AddParameter): Name = "High-Reliability"; Value = ""; VariantName = "[No Variations]"
Change component parameters (AddParameter): Name = "Manufacturer"; Value = "Texas Instruments"; VariantName = "[No Variations]"
Change component parameters (AddParameter): Name = "PackageDescription"; Value = "TO-263, Molded, .400 x .390 x .180in, 5 Lead, .067in Pitch, Surface Mount"; VariantName = "[No Variations]"
Change component parameters (AddParameter): Name = "PackageReference"; Value = "KTT0005B"; VariantName = "[No Variations]"
Change component parameters (AddParameter): Name = "PackageTopMarking"; Value = "NSUZXYTTE#*LM2596S*-5.0 P+"; VariantName = "[No Variations]"
Change component parameters (AddParameter): Name = "PartNumber"; Value = ""; VariantName = "[No Variations]"
Change component parameters (AddParameter): Name = "PinCount"; Value = "5"; VariantName = "[No Variations]"
Change component parameters (AddParameter): Name = "PowerWise"; Value = "N"; VariantName = "[No Variations]"
Change component parameters (AddParameter): Name = "RoHS"; Value = "Y"; VariantName = "[No Variations]"
Add component: Footprint Not Found FP-RC1608-IPC_A
Add component: Footprint Not Found FP-RC1608-IPC_A
Add component: Footprint Not Found FP-RC1608-IPC_A
Add component: Footprint Not Found FP-RC1608-IPC_A
Add component: Footprint Not Found FP-RC1608-IPC_A
Add component: Footprint Not Found FP-RC1608-IPC_A
Added Component: Designator=CAN_H(KSTN-5003)
Add component (AddParameter): Name = "Case/Package"; Value = "5003"; VariantName = "[No Variations]"
Add component (AddParameter): Name = "Colour"; Value = "Orange"; VariantName = "[No Variations]"
Add component (AddParameter): Name = "Connector Type"; Value = "TestPoint"; VariantName = "[No Variations]"
Add component (AddParameter): Name = "Contact Material"; Value = "Bronze"; VariantName = "[No Variations]"
Add component (AddParameter): Name = "Contact Plating"; Value = "Tin"; VariantName = "[No Variations]"
Add component (AddParameter): Name = "Datasheet URL"; Value = "http://keyelco.com/userAssets/file/M65p56.pdf"; VariantName = "[No Variations]"
Add component (AddParameter): Name = "Datasheet Version"; Value = "Jun-15"; VariantName = "[No Variations]"
Add component (AddParameter): Name = "Diameter"; Value = "2.54mm"; VariantName = "[No Variations]"
Add component (AddParameter): Name = "Gender"; Value = ""; VariantName = "[No Variations]"
Add component (AddParameter): Name = "Manufacturer"; Value = "Keystone"; VariantName = "[No Variations]"
Add component (AddParameter): Name = "Manufacturer URL"; Value = "http://www.keyelco.com/"; VariantName = "[No Variations]"
Add component (AddParameter): Name = "Max Current Rating"; Value = ""; VariantName = "[No Variations]"
Add component (AddParameter): Name = "Max Operating Temperature"; Value = ""; VariantName = "[No Variations]"
Add component (AddParameter): Name = "Min Operating Temperature"; Value = ""; VariantName = "[No Variations]"
Add component (AddParameter): Name = "Mounting Technology"; Value = "TH"; VariantName = "[No Variations]"
Add component (AddParameter): Name = "Package Description"; Value = "1-Pin Through Hole Device, Dia 2.54 mm"; VariantName = "[No Variations]"
Add component (AddParameter): Name = "Package Quantity"; Value = "10"; VariantName = "[No Variations]"
Add component (AddParameter): Name = "Package Reference"; Value = "5003"; VariantName = "[No Variations]"
Add component (AddParameter): Name = "Packaging"; Value = "Bulk"; VariantName = "[No Variations]"
Add component (AddParameter): Name = "Pins"; Value = "1"; VariantName = "[No Variations]"
Add component (AddParameter): Name = "RoHS Compliant"; Value = "True"; VariantName = "[No Variations]"
Add component (AddParameter): Name = "Voltage Rating"; Value = ""; VariantName = "[No Variations]"
Added Component: Designator=CAN_L(KSTN-5003)
Add component (AddParameter): Name = "Case/Package"; Value = "5003"; VariantName = "[No Variations]"
Add component (AddParameter): Name = "Colour"; Value = "Orange"; VariantName = "[No Variations]"
Add component (AddParameter): Name = "Connector Type"; Value = "TestPoint"; VariantName = "[No Variations]"
Add component (AddParameter): Name = "Contact Material"; Value = "Bronze"; VariantName = "[No Variations]"
Add component (AddParameter): Name = "Contact Plating"; Value = "Tin"; VariantName = "[No Variations]"
Add component (AddParameter): Name = "Datasheet URL"; Value = "http://keyelco.com/userAssets/file/M65p56.pdf"; VariantName = "[No Variations]"
Add component (AddParameter): Name = "Datasheet Version"; Value = "Jun-15"; VariantName = "[No Variations]"
Add component (AddParameter): Name = "Diameter"; Value = "2.54mm"; VariantName = "[No Variations]"
Add component (AddParameter): Name = "Gender"; Value = ""; VariantName = "[No Variations]"
Add component (AddParameter): Name = "Manufacturer"; Value = "Keystone"; VariantName = "[No Variations]"
Add component (AddParameter): Name = "Manufacturer URL"; Value = "http://www.keyelco.com/"; VariantName = "[No Variations]"
Add component (AddParameter): Name = "Max Current Rating"; Value = ""; VariantName = "[No Variations]"
Add component (AddParameter): Name = "Max Operating Temperature"; Value = ""; VariantName = "[No Variations]"
Add component (AddParameter): Name = "Min Operating Temperature"; Value = ""; VariantName = "[No Variations]"
Add component (AddParameter): Name = "Mounting Technology"; Value = "TH"; VariantName = "[No Variations]"
Add component (AddParameter): Name = "Package Description"; Value = "1-Pin Through Hole Device, Dia 2.54 mm"; VariantName = "[No Variations]"
Add component (AddParameter): Name = "Package Quantity"; Value = "10"; VariantName = "[No Variations]"
Add component (AddParameter): Name = "Package Reference"; Value = "5003"; VariantName = "[No Variations]"
Add component (AddParameter): Name = "Packaging"; Value = "Bulk"; VariantName = "[No Variations]"
Add component (AddParameter): Name = "Pins"; Value = "1"; VariantName = "[No Variations]"
Add component (AddParameter): Name = "RoHS Compliant"; Value = "True"; VariantName = "[No Variations]"
Add component (AddParameter): Name = "Voltage Rating"; Value = ""; VariantName = "[No Variations]"
Add component: Footprint Not Found SOD2513X120N
Add component: Footprint Not Found SOD2513X120N
Add component: Footprint Not Found SOD2513X120N
Add component: Footprint Not Found SOD2513X120N
Add component: Footprint Not Found SOD2513X120N
Add component: Footprint Not Found SOD2513X120N
Added Component: Designator=D3(FP-SMC-MFG)
Add component (AddParameter): Name = "Average Rectified Current"; Value = "3A"; VariantName = "[No Variations]"
Add component (AddParameter): Name = "Case/Package"; Value = "SMC"; VariantName = "[No Variations]"
Add component (AddParameter): Name = "Element Configuration"; Value = "Single"; VariantName = "[No Variations]"
Add component (AddParameter): Name = "Forward Current"; Value = "3A"; VariantName = "[No Variations]"
Add component (AddParameter): Name = "Forward Voltage"; Value = "500mV"; VariantName = "[No Variations]"
Add component (AddParameter): Name = "Max Operating Temperature"; Value = "125°C"; VariantName = "[No Variations]"
Add component (AddParameter): Name = "Max Repetitive Reverse Voltage (Vrrm)"; Value = "40V"; VariantName = "[No Variations]"
Add component (AddParameter): Name = "Max Reverse Current"; Value = "500uA"; VariantName = "[No Variations]"
Add component (AddParameter): Name = "Max Reverse Leakage Current"; Value = "500uA"; VariantName = "[No Variations]"
Add component (AddParameter): Name = "Max Reverse Voltage (DC)"; Value = "40V"; VariantName = "[No Variations]"
Add component (AddParameter): Name = "Max Surge Current"; Value = "100A"; VariantName = "[No Variations]"
Add component (AddParameter): Name = "Min Operating Temperature"; Value = "-55°C"; VariantName = "[No Variations]"
Add component (AddParameter): Name = "Mount"; Value = "Surface Mount"; VariantName = "[No Variations]"
Add component (AddParameter): Name = "Number of Pins"; Value = "2"; VariantName = "[No Variations]"
Add component (AddParameter): Name = "Package Quantity"; Value = "3500"; VariantName = "[No Variations]"
Add component (AddParameter): Name = "Packaging"; Value = "Tape and Reel"; VariantName = "[No Variations]"
Add component (AddParameter): Name = "Peak Non-Repetitive Surge Current"; Value = "100A"; VariantName = "[No Variations]"
Add component (AddParameter): Name = "Radiation Hardening"; Value = "No"; VariantName = "[No Variations]"
Add component (AddParameter): Name = "RoHS Compliant"; Value = "Yes"; VariantName = "[No Variations]"
Add component (AddParameter): Name = "Series"; Value = "-"; VariantName = "[No Variations]"
Added Component: Designator=J1_Designator1(FP-SM04B-PASS-TBT_LF_SN-MFG)
Add component (AddParameter): Name = "Automotive"; Value = "No"; VariantName = "[No Variations]"
Add component (AddParameter): Name = "Category"; Value = "Conn"; VariantName = "[No Variations]"
Add component (AddParameter): Name = "ComponentLink2Description"; Value = "Datasheet"; VariantName = "[No Variations]"
Add component (AddParameter): Name = "ComponentLink2URL"; Value = "http://www.jst-mfg.com/product/pdf/eng/ePA-F.pdf"; VariantName = "[No Variations]"
Add component (AddParameter): Name = "Conn Gender"; Value = "Male"; VariantName = "[No Variations]"
Add component (AddParameter): Name = "Conn Orientation"; Value = "Right Angle"; VariantName = "[No Variations]"
Add component (AddParameter): Name = "Contact Material"; Value = "Tin"; VariantName = "[No Variations]"
Add component (AddParameter): Name = "Current Rating"; Value = "3A"; VariantName = "[No Variations]"
Add component (AddParameter): Name = "Device Class L1"; Value = "Connectors"; VariantName = "[No Variations]"
Add component (AddParameter): Name = "Device Class L2"; Value = "Headers and Wire Housings"; VariantName = "[No Variations]"
Add component (AddParameter): Name = "Device Class L3"; Value = "unset"; VariantName = "[No Variations]"
Add component (AddParameter): Name = "Digikey Description"; Value = "CONN HEADER SMD R/A 4POS 2MM"; VariantName = "[No Variations]"
Add component (AddParameter): Name = "Height"; Value = "5.7mm"; VariantName = "[No Variations]"
Add component (AddParameter): Name = "Lead Free"; Value = "Yes"; VariantName = "[No Variations]"
Add component (AddParameter): Name = "Manufacturer"; Value = "JST"; VariantName = "[No Variations]"
Add component (AddParameter): Name = "Manufacturer Part Number"; Value = "SM04B-PASS-TBT(LF)(SN)"; VariantName = "[No Variations]"
Add component (AddParameter): Name = "Number Of Contacts"; Value = "4"; VariantName = "[No Variations]"
Add component (AddParameter): Name = "Number Of Rows"; Value = "1"; VariantName = "[No Variations]"
Add component (AddParameter): Name = "Octopart"; Value = "https://octopart.com/sm04b-pass-tbt%28lf%29%28sn%29-jst-3990422"; VariantName = "[No Variations]"
Add component (AddParameter): Name = "Package"; Value = "SM04B-PASS-TBT(LF)(SN)"; VariantName = "[No Variations]"
Add component (AddParameter): Name = "Pitch"; Value = "2mm"; VariantName = "[No Variations]"
Add component (AddParameter): Name = "RoHS"; Value = "TRUE"; VariantName = "[No Variations]"
Add component (AddParameter): Name = "Temperature"; Value = "-25°C to +85°C"; VariantName = "[No Variations]"
Add component (AddParameter): Name = "Temperature Range High"; Value = "+85°C"; VariantName = "[No Variations]"
Add component (AddParameter): Name = "Temperature Range Low"; Value = "-25°C"; VariantName = "[No Variations]"
Add component (AddParameter): Name = "Voltage Rating"; Value = "250V"; VariantName = "[No Variations]"
Added Component: Designator=J1_Designator2(FP-SM04B-PASS-TBT_LF_SN-MFG)
Add component (AddParameter): Name = "Automotive"; Value = "No"; VariantName = "[No Variations]"
Add component (AddParameter): Name = "Category"; Value = "Conn"; VariantName = "[No Variations]"
Add component (AddParameter): Name = "ComponentLink2Description"; Value = "Datasheet"; VariantName = "[No Variations]"
Add component (AddParameter): Name = "ComponentLink2URL"; Value = "http://www.jst-mfg.com/product/pdf/eng/ePA-F.pdf"; VariantName = "[No Variations]"
Add component (AddParameter): Name = "Conn Gender"; Value = "Male"; VariantName = "[No Variations]"
Add component (AddParameter): Name = "Conn Orientation"; Value = "Right Angle"; VariantName = "[No Variations]"
Add component (AddParameter): Name = "Contact Material"; Value = "Tin"; VariantName = "[No Variations]"
Add component (AddParameter): Name = "Current Rating"; Value = "3A"; VariantName = "[No Variations]"
Add component (AddParameter): Name = "Device Class L1"; Value = "Connectors"; VariantName = "[No Variations]"
Add component (AddParameter): Name = "Device Class L2"; Value = "Headers and Wire Housings"; VariantName = "[No Variations]"
Add component (AddParameter): Name = "Device Class L3"; Value = "unset"; VariantName = "[No Variations]"
Add component (AddParameter): Name = "Digikey Description"; Value = "CONN HEADER SMD R/A 4POS 2MM"; VariantName = "[No Variations]"
Add component (AddParameter): Name = "Height"; Value = "5.7mm"; VariantName = "[No Variations]"
Add component (AddParameter): Name = "Lead Free"; Value = "Yes"; VariantName = "[No Variations]"
Add component (AddParameter): Name = "Manufacturer"; Value = "JST"; VariantName = "[No Variations]"
Add component (AddParameter): Name = "Manufacturer Part Number"; Value = "SM04B-PASS-TBT(LF)(SN)"; VariantName = "[No Variations]"
Add component (AddParameter): Name = "Number Of Contacts"; Value = "4"; VariantName = "[No Variations]"
Add component (AddParameter): Name = "Number Of Rows"; Value = "1"; VariantName = "[No Variations]"
Add component (AddParameter): Name = "Octopart"; Value = "https://octopart.com/sm04b-pass-tbt%28lf%29%28sn%29-jst-3990422"; VariantName = "[No Variations]"
Add component (AddParameter): Name = "Package"; Value = "SM04B-PASS-TBT(LF)(SN)"; VariantName = "[No Variations]"
Add component (AddParameter): Name = "Pitch"; Value = "2mm"; VariantName = "[No Variations]"
Add component (AddParameter): Name = "RoHS"; Value = "TRUE"; VariantName = "[No Variations]"
Add component (AddParameter): Name = "Temperature"; Value = "-25°C to +85°C"; VariantName = "[No Variations]"
Add component (AddParameter): Name = "Temperature Range High"; Value = "+85°C"; VariantName = "[No Variations]"
Add component (AddParameter): Name = "Temperature Range Low"; Value = "-25°C"; VariantName = "[No Variations]"
Add component (AddParameter): Name = "Voltage Rating"; Value = "250V"; VariantName = "[No Variations]"
Added Component: Designator=J1_Designator3(FP-SM04B-PASS-TBT_LF_SN-MFG)
Add component (AddParameter): Name = "Automotive"; Value = "No"; VariantName = "[No Variations]"
Add component (AddParameter): Name = "Category"; Value = "Conn"; VariantName = "[No Variations]"
Add component (AddParameter): Name = "ComponentLink2Description"; Value = "Datasheet"; VariantName = "[No Variations]"
Add component (AddParameter): Name = "ComponentLink2URL"; Value = "http://www.jst-mfg.com/product/pdf/eng/ePA-F.pdf"; VariantName = "[No Variations]"
Add component (AddParameter): Name = "Conn Gender"; Value = "Male"; VariantName = "[No Variations]"
Add component (AddParameter): Name = "Conn Orientation"; Value = "Right Angle"; VariantName = "[No Variations]"
Add component (AddParameter): Name = "Contact Material"; Value = "Tin"; VariantName = "[No Variations]"
Add component (AddParameter): Name = "Current Rating"; Value = "3A"; VariantName = "[No Variations]"
Add component (AddParameter): Name = "Device Class L1"; Value = "Connectors"; VariantName = "[No Variations]"
Add component (AddParameter): Name = "Device Class L2"; Value = "Headers and Wire Housings"; VariantName = "[No Variations]"
Add component (AddParameter): Name = "Device Class L3"; Value = "unset"; VariantName = "[No Variations]"
Add component (AddParameter): Name = "Digikey Description"; Value = "CONN HEADER SMD R/A 4POS 2MM"; VariantName = "[No Variations]"
Add component (AddParameter): Name = "Height"; Value = "5.7mm"; VariantName = "[No Variations]"
Add component (AddParameter): Name = "Lead Free"; Value = "Yes"; VariantName = "[No Variations]"
Add component (AddParameter): Name = "Manufacturer"; Value = "JST"; VariantName = "[No Variations]"
Add component (AddParameter): Name = "Manufacturer Part Number"; Value = "SM04B-PASS-TBT(LF)(SN)"; VariantName = "[No Variations]"
Add component (AddParameter): Name = "Number Of Contacts"; Value = "4"; VariantName = "[No Variations]"
Add component (AddParameter): Name = "Number Of Rows"; Value = "1"; VariantName = "[No Variations]"
Add component (AddParameter): Name = "Octopart"; Value = "https://octopart.com/sm04b-pass-tbt%28lf%29%28sn%29-jst-3990422"; VariantName = "[No Variations]"
Add component (AddParameter): Name = "Package"; Value = "SM04B-PASS-TBT(LF)(SN)"; VariantName = "[No Variations]"
Add component (AddParameter): Name = "Pitch"; Value = "2mm"; VariantName = "[No Variations]"
Add component (AddParameter): Name = "RoHS"; Value = "TRUE"; VariantName = "[No Variations]"
Add component (AddParameter): Name = "Temperature"; Value = "-25°C to +85°C"; VariantName = "[No Variations]"
Add component (AddParameter): Name = "Temperature Range High"; Value = "+85°C"; VariantName = "[No Variations]"
Add component (AddParameter): Name = "Temperature Range Low"; Value = "-25°C"; VariantName = "[No Variations]"
Add component (AddParameter): Name = "Voltage Rating"; Value = "250V"; VariantName = "[No Variations]"
Added Component: Designator=J1_Designator4(FP-SM04B-PASS-TBT_LF_SN-MFG)
Add component (AddParameter): Name = "Automotive"; Value = "No"; VariantName = "[No Variations]"
Add component (AddParameter): Name = "Category"; Value = "Conn"; VariantName = "[No Variations]"
Add component (AddParameter): Name = "ComponentLink2Description"; Value = "Datasheet"; VariantName = "[No Variations]"
Add component (AddParameter): Name = "ComponentLink2URL"; Value = "http://www.jst-mfg.com/product/pdf/eng/ePA-F.pdf"; VariantName = "[No Variations]"
Add component (AddParameter): Name = "Conn Gender"; Value = "Male"; VariantName = "[No Variations]"
Add component (AddParameter): Name = "Conn Orientation"; Value = "Right Angle"; VariantName = "[No Variations]"
Add component (AddParameter): Name = "Contact Material"; Value = "Tin"; VariantName = "[No Variations]"
Add component (AddParameter): Name = "Current Rating"; Value = "3A"; VariantName = "[No Variations]"
Add component (AddParameter): Name = "Device Class L1"; Value = "Connectors"; VariantName = "[No Variations]"
Add component (AddParameter): Name = "Device Class L2"; Value = "Headers and Wire Housings"; VariantName = "[No Variations]"
Add component (AddParameter): Name = "Device Class L3"; Value = "unset"; VariantName = "[No Variations]"
Add component (AddParameter): Name = "Digikey Description"; Value = "CONN HEADER SMD R/A 4POS 2MM"; VariantName = "[No Variations]"
Add component (AddParameter): Name = "Height"; Value = "5.7mm"; VariantName = "[No Variations]"
Add component (AddParameter): Name = "Lead Free"; Value = "Yes"; VariantName = "[No Variations]"
Add component (AddParameter): Name = "Manufacturer"; Value = "JST"; VariantName = "[No Variations]"
Add component (AddParameter): Name = "Manufacturer Part Number"; Value = "SM04B-PASS-TBT(LF)(SN)"; VariantName = "[No Variations]"
Add component (AddParameter): Name = "Number Of Contacts"; Value = "4"; VariantName = "[No Variations]"
Add component (AddParameter): Name = "Number Of Rows"; Value = "1"; VariantName = "[No Variations]"
Add component (AddParameter): Name = "Octopart"; Value = "https://octopart.com/sm04b-pass-tbt%28lf%29%28sn%29-jst-3990422"; VariantName = "[No Variations]"
Add component (AddParameter): Name = "Package"; Value = "SM04B-PASS-TBT(LF)(SN)"; VariantName = "[No Variations]"
Add component (AddParameter): Name = "Pitch"; Value = "2mm"; VariantName = "[No Variations]"
Add component (AddParameter): Name = "RoHS"; Value = "TRUE"; VariantName = "[No Variations]"
Add component (AddParameter): Name = "Temperature"; Value = "-25°C to +85°C"; VariantName = "[No Variations]"
Add component (AddParameter): Name = "Temperature Range High"; Value = "+85°C"; VariantName = "[No Variations]"
Add component (AddParameter): Name = "Temperature Range Low"; Value = "-25°C"; VariantName = "[No Variations]"
Add component (AddParameter): Name = "Voltage Rating"; Value = "250V"; VariantName = "[No Variations]"
Added Component: Designator=J1_Designator5(FP-SM04B-PASS-TBT_LF_SN-MFG)
Add component (AddParameter): Name = "Automotive"; Value = "No"; VariantName = "[No Variations]"
Add component (AddParameter): Name = "Category"; Value = "Conn"; VariantName = "[No Variations]"
Add component (AddParameter): Name = "ComponentLink2Description"; Value = "Datasheet"; VariantName = "[No Variations]"
Add component (AddParameter): Name = "ComponentLink2URL"; Value = "http://www.jst-mfg.com/product/pdf/eng/ePA-F.pdf"; VariantName = "[No Variations]"
Add component (AddParameter): Name = "Conn Gender"; Value = "Male"; VariantName = "[No Variations]"
Add component (AddParameter): Name = "Conn Orientation"; Value = "Right Angle"; VariantName = "[No Variations]"
Add component (AddParameter): Name = "Contact Material"; Value = "Tin"; VariantName = "[No Variations]"
Add component (AddParameter): Name = "Current Rating"; Value = "3A"; VariantName = "[No Variations]"
Add component (AddParameter): Name = "Device Class L1"; Value = "Connectors"; VariantName = "[No Variations]"
Add component (AddParameter): Name = "Device Class L2"; Value = "Headers and Wire Housings"; VariantName = "[No Variations]"
Add component (AddParameter): Name = "Device Class L3"; Value = "unset"; VariantName = "[No Variations]"
Add component (AddParameter): Name = "Digikey Description"; Value = "CONN HEADER SMD R/A 4POS 2MM"; VariantName = "[No Variations]"
Add component (AddParameter): Name = "Height"; Value = "5.7mm"; VariantName = "[No Variations]"
Add component (AddParameter): Name = "Lead Free"; Value = "Yes"; VariantName = "[No Variations]"
Add component (AddParameter): Name = "Manufacturer"; Value = "JST"; VariantName = "[No Variations]"
Add component (AddParameter): Name = "Manufacturer Part Number"; Value = "SM04B-PASS-TBT(LF)(SN)"; VariantName = "[No Variations]"
Add component (AddParameter): Name = "Number Of Contacts"; Value = "4"; VariantName = "[No Variations]"
Add component (AddParameter): Name = "Number Of Rows"; Value = "1"; VariantName = "[No Variations]"
Add component (AddParameter): Name = "Octopart"; Value = "https://octopart.com/sm04b-pass-tbt%28lf%29%28sn%29-jst-3990422"; VariantName = "[No Variations]"
Add component (AddParameter): Name = "Package"; Value = "SM04B-PASS-TBT(LF)(SN)"; VariantName = "[No Variations]"
Add component (AddParameter): Name = "Pitch"; Value = "2mm"; VariantName = "[No Variations]"
Add component (AddParameter): Name = "RoHS"; Value = "TRUE"; VariantName = "[No Variations]"
Add component (AddParameter): Name = "Temperature"; Value = "-25°C to +85°C"; VariantName = "[No Variations]"
Add component (AddParameter): Name = "Temperature Range High"; Value = "+85°C"; VariantName = "[No Variations]"
Add component (AddParameter): Name = "Temperature Range Low"; Value = "-25°C"; VariantName = "[No Variations]"
Add component (AddParameter): Name = "Voltage Rating"; Value = "250V"; VariantName = "[No Variations]"
Added Component: Designator=J1_Designator6(FP-SM04B-PASS-TBT_LF_SN-MFG)
Add component (AddParameter): Name = "Automotive"; Value = "No"; VariantName = "[No Variations]"
Add component (AddParameter): Name = "Category"; Value = "Conn"; VariantName = "[No Variations]"
Add component (AddParameter): Name = "ComponentLink2Description"; Value = "Datasheet"; VariantName = "[No Variations]"
Add component (AddParameter): Name = "ComponentLink2URL"; Value = "http://www.jst-mfg.com/product/pdf/eng/ePA-F.pdf"; VariantName = "[No Variations]"
Add component (AddParameter): Name = "Conn Gender"; Value = "Male"; VariantName = "[No Variations]"
Add component (AddParameter): Name = "Conn Orientation"; Value = "Right Angle"; VariantName = "[No Variations]"
Add component (AddParameter): Name = "Contact Material"; Value = "Tin"; VariantName = "[No Variations]"
Add component (AddParameter): Name = "Current Rating"; Value = "3A"; VariantName = "[No Variations]"
Add component (AddParameter): Name = "Device Class L1"; Value = "Connectors"; VariantName = "[No Variations]"
Add component (AddParameter): Name = "Device Class L2"; Value = "Headers and Wire Housings"; VariantName = "[No Variations]"
Add component (AddParameter): Name = "Device Class L3"; Value = "unset"; VariantName = "[No Variations]"
Add component (AddParameter): Name = "Digikey Description"; Value = "CONN HEADER SMD R/A 4POS 2MM"; VariantName = "[No Variations]"
Add component (AddParameter): Name = "Height"; Value = "5.7mm"; VariantName = "[No Variations]"
Add component (AddParameter): Name = "Lead Free"; Value = "Yes"; VariantName = "[No Variations]"
Add component (AddParameter): Name = "Manufacturer"; Value = "JST"; VariantName = "[No Variations]"
Add component (AddParameter): Name = "Manufacturer Part Number"; Value = "SM04B-PASS-TBT(LF)(SN)"; VariantName = "[No Variations]"
Add component (AddParameter): Name = "Number Of Contacts"; Value = "4"; VariantName = "[No Variations]"
Add component (AddParameter): Name = "Number Of Rows"; Value = "1"; VariantName = "[No Variations]"
Add component (AddParameter): Name = "Octopart"; Value = "https://octopart.com/sm04b-pass-tbt%28lf%29%28sn%29-jst-3990422"; VariantName = "[No Variations]"
Add component (AddParameter): Name = "Package"; Value = "SM04B-PASS-TBT(LF)(SN)"; VariantName = "[No Variations]"
Add component (AddParameter): Name = "Pitch"; Value = "2mm"; VariantName = "[No Variations]"
Add component (AddParameter): Name = "RoHS"; Value = "TRUE"; VariantName = "[No Variations]"
Add component (AddParameter): Name = "Temperature"; Value = "-25°C to +85°C"; VariantName = "[No Variations]"
Add component (AddParameter): Name = "Temperature Range High"; Value = "+85°C"; VariantName = "[No Variations]"
Add component (AddParameter): Name = "Temperature Range Low"; Value = "-25°C"; VariantName = "[No Variations]"
Add component (AddParameter): Name = "Voltage Rating"; Value = "250V"; VariantName = "[No Variations]"
Added Component: Designator=LED(FP-APT1608LZGCK-MFG)
Add component (AddParameter): Name = "Case Code (Imperial)"; Value = "0603"; VariantName = "[No Variations]"
Add component (AddParameter): Name = "Case Code (Metric)"; Value = "1608"; VariantName = "[No Variations]"
Add component (AddParameter): Name = "Case/Package"; Value = "0603"; VariantName = "[No Variations]"
Add component (AddParameter): Name = "Color"; Value = "Green"; VariantName = "[No Variations]"
Add component (AddParameter): Name = "Dominant Wavelength"; Value = "525nm"; VariantName = "[No Variations]"
Add component (AddParameter): Name = "Forward Voltage"; Value = "2.65V"; VariantName = "[No Variations]"
Add component (AddParameter): Name = "Height"; Value = "0.75mm"; VariantName = "[No Variations]"
Add component (AddParameter): Name = "Length"; Value = "1.6mm"; VariantName = "[No Variations]"
Add component (AddParameter): Name = "Lens Color"; Value = "Colorless"; VariantName = "[No Variations]"
Add component (AddParameter): Name = "Lens Transparency"; Value = "Clear"; VariantName = "[No Variations]"
Add component (AddParameter): Name = "Luminous Intensity"; Value = "50mcd"; VariantName = "[No Variations]"
Add component (AddParameter): Name = "Mount"; Value = "Surface Mount"; VariantName = "[No Variations]"
Add component (AddParameter): Name = "Packaging"; Value = "Cut Tape"; VariantName = "[No Variations]"
Add component (AddParameter): Name = "Test Current"; Value = "2mA"; VariantName = "[No Variations]"
Add component (AddParameter): Name = "Viewing Angle"; Value = "120°"; VariantName = "[No Variations]"
Add component (AddParameter): Name = "Width"; Value = "0.8mm"; VariantName = "[No Variations]"
Added Component: Designator=R7_0(RESC1608X55X25LL10T15)
Add component (AddParameter): Name = "Manufacturer"; Value = "Yageo"; VariantName = "[No Variations]"
Add component (AddParameter): Name = "Part Number"; Value = "RC0603FR-07340RL"; VariantName = "[No Variations]"
Added Component: Designator=R7_1(RESC1608X55X25LL10T15)
Add component (AddParameter): Name = "Manufacturer"; Value = "Yageo"; VariantName = "[No Variations]"
Add component (AddParameter): Name = "Part Number"; Value = "RC0603FR-07340RL"; VariantName = "[No Variations]"
Added Component: Designator=R7_2(RESC1608X55X25LL10T15)
Add component (AddParameter): Name = "Manufacturer"; Value = "Yageo"; VariantName = "[No Variations]"
Add component (AddParameter): Name = "Part Number"; Value = "RC0603FR-07340RL"; VariantName = "[No Variations]"
Added Component: Designator=R7_3(RESC1608X55X25LL10T15)
Add component (AddParameter): Name = "Manufacturer"; Value = "Yageo"; VariantName = "[No Variations]"
Add component (AddParameter): Name = "Part Number"; Value = "RC0603FR-07340RL"; VariantName = "[No Variations]"
Added Component: Designator=R7_4(RESC1608X55X25LL10T15)
Add component (AddParameter): Name = "Manufacturer"; Value = "Yageo"; VariantName = "[No Variations]"
Add component (AddParameter): Name = "Part Number"; Value = "RC0603FR-07340RL"; VariantName = "[No Variations]"
Added Component: Designator=R7_5(RESC1608X55X25LL10T15)
Add component (AddParameter): Name = "Manufacturer"; Value = "Yageo"; VariantName = "[No Variations]"
Add component (AddParameter): Name = "Part Number"; Value = "RC0603FR-07340RL"; VariantName = "[No Variations]"
Added Component: Designator=U3(FP-SOT23-5LD-PL-1-MFG)
Add component (AddParameter): Name = "Accuracy"; Value = "3%"; VariantName = "[No Variations]"
Add component (AddParameter): Name = "Case/Package"; Value = "SOT-23-5"; VariantName = "[No Variations]"
Add component (AddParameter): Name = "Dropout Voltage"; Value = "380mV"; VariantName = "[No Variations]"
Add component (AddParameter): Name = "Height"; Value = "1.1mm"; VariantName = "[No Variations]"
Add component (AddParameter): Name = "Length"; Value = "2.9mm"; VariantName = "[No Variations]"
Add component (AddParameter): Name = "Max Input Voltage"; Value = "5.5V"; VariantName = "[No Variations]"
Add component (AddParameter): Name = "Max Operating Temperature"; Value = "125°C"; VariantName = "[No Variations]"
Add component (AddParameter): Name = "Max Output Current"; Value = "300mA"; VariantName = "[No Variations]"
Add component (AddParameter): Name = "Min Input Voltage"; Value = "2.5V"; VariantName = "[No Variations]"
Add component (AddParameter): Name = "Min Operating Temperature"; Value = "-40°C"; VariantName = "[No Variations]"
Add component (AddParameter): Name = "Mount"; Value = "Surface Mount"; VariantName = "[No Variations]"
Add component (AddParameter): Name = "Nominal Output Voltage"; Value = "3.3V"; VariantName = "[No Variations]"
Add component (AddParameter): Name = "Number of Outputs"; Value = "1"; VariantName = "[No Variations]"
Add component (AddParameter): Name = "Number of Pins"; Value = "5"; VariantName = "[No Variations]"
Add component (AddParameter): Name = "Operating Supply Current"; Value = "42uA"; VariantName = "[No Variations]"
Add component (AddParameter): Name = "Output Current"; Value = "300mA"; VariantName = "[No Variations]"
Add component (AddParameter): Name = "Output Type"; Value = "Fixed"; VariantName = "[No Variations]"
Add component (AddParameter): Name = "Output Voltage"; Value = "3.3V"; VariantName = "[No Variations]"
Add component (AddParameter): Name = "Packaging"; Value = "Tape and Reel"; VariantName = "[No Variations]"
Add component (AddParameter): Name = "Power Supply Rejection Ratio (PSRR)"; Value = "60dB"; VariantName = "[No Variations]"
Add component (AddParameter): Name = "Quiescent Current"; Value = "38uA"; VariantName = "[No Variations]"
Add component (AddParameter): Name = "REACH SVHC"; Value = "No SVHC"; VariantName = "[No Variations]"
Add component (AddParameter): Name = "Width"; Value = "1.6mm"; VariantName = "[No Variations]"
Added Component: Designator=U4(DBZ0003A_N)
Add component (AddParameter): Name = "Code_JEDEC"; Value = "TO-236"; VariantName = "[No Variations]"
Add component (AddParameter): Name = "ComponentLink1Description"; Value = "Manufacturer URL"; VariantName = "[No Variations]"
Add component (AddParameter): Name = "ComponentLink1URL"; Value = "http://www.ti.com/"; VariantName = "[No Variations]"
Add component (AddParameter): Name = "ComponentLink2Description"; Value = "Datasheet"; VariantName = "[No Variations]"
Add component (AddParameter): Name = "ComponentLink2URL"; Value = "http://www.ti.com/general/docs/lit/getliterature.tsp?genericPartNumber=REF3325&fileType=pdf"; VariantName = "[No Variations]"
Add component (AddParameter): Name = "ComponentLink3Description"; Value = "Package Specification"; VariantName = "[No Variations]"
Add component (AddParameter): Name = "ComponentLink3URL"; Value = "http://www.ti.com/litv/pdf/mpds108a"; VariantName = "[No Variations]"
Add component (AddParameter): Name = "DatasheetVersion"; Value = "SBOS392A"; VariantName = "[No Variations]"
Add component (AddParameter): Name = "Eco-Plan"; Value = "Green (RoHS & no Sb/Br)"; VariantName = "[No Variations]"
Add component (AddParameter): Name = "Initial Accuracy @ 25/deg C(%)"; Value = "0.15"; VariantName = "[No Variations]"
Add component (AddParameter): Name = "Iout/Iz(Max)(mA)"; Value = "5"; VariantName = "[No Variations]"
Add component (AddParameter): Name = "Iq(Max)(uA)"; Value = "5"; VariantName = "[No Variations]"
Add component (AddParameter): Name = "Manufacturer"; Value = "Texas Instruments"; VariantName = "[No Variations]"
Add component (AddParameter): Name = "Mounting Technology"; Value = "Surface Mount"; VariantName = "[No Variations]"
Add component (AddParameter): Name = "PackageDescription"; Value = "3-Pin Plastic Small Outline, Body 2.92 x 1.3 mm, Pitch 0.95 mm"; VariantName = "[No Variations]"
Add component (AddParameter): Name = "PackageReference"; Value = "DBZ0003A"; VariantName = "[No Variations]"
Add component (AddParameter): Name = "PackageVersion"; Value = "4203227/B"; VariantName = "[No Variations]"
Add component (AddParameter): Name = "PartNumber"; Value = "REF3325AIDBZR"; VariantName = "[No Variations]"
Add component (AddParameter): Name = "Rating"; Value = "Catalog"; VariantName = "[No Variations]"
Add component (AddParameter): Name = "SubFamily"; Value = "Series Voltage Reference"; VariantName = "[No Variations]"
Add component (AddParameter): Name = "Temp Coeff(Max)(ppm/ degree C)"; Value = "30"; VariantName = "[No Variations]"
Add component (AddParameter): Name = "Temp Coeff(Typ)(ppm/ degree C)"; Value = "8"; VariantName = "[No Variations]"
Add component (AddParameter): Name = "VI(Max)(V)"; Value = "5.5"; VariantName = "[No Variations]"
Add component (AddParameter): Name = "VI(Min)(V)"; Value = "2.66"; VariantName = "[No Variations]"
Add component (AddParameter): Name = "VO(V)"; Value = "2.5"; VariantName = "[No Variations]"
Add Pin To Net: Unknown Net : NetC6_2
Add Pin To Net: Unknown Pin: Pin C11_0-1
Add Pin To Net: Unknown Pin: Pin C11_0-2
Add Pin To Net: Unknown Pin: Pin C11_1-1
Add Pin To Net: Unknown Pin: Pin C11_1-2
Add Pin To Net: Unknown Pin: Pin C11_2-1
Add Pin To Net: Unknown Pin: Pin C11_2-2
Add Pin To Net: Unknown Pin: Pin C11_3-1
Add Pin To Net: Unknown Pin: Pin C11_3-2
Add Pin To Net: Unknown Pin: Pin C11_4-1
Add Pin To Net: Unknown Pin: Pin C11_4-2
Add Pin To Net: Unknown Pin: Pin C11_5-1
Add Pin To Net: Unknown Pin: Pin C11_5-2
Add Pin To Net: Unknown Pin: Pin D1_0-1
Add Pin To Net: Unknown Pin: Pin D1_1-1
Add Pin To Net: Unknown Pin: Pin D1_2-1
Add Pin To Net: Unknown Pin: Pin D1_3-1
Add Pin To Net: Unknown Pin: Pin D1_4-1
Add Pin To Net: Unknown Pin: Pin D1_5-1
Add Net: Net with name "+2V5" already exists
Add Net: Net with name "+5" already exists
Add Net: Net with name "3V3" already exists
Add Net: Net with name "CAN2_N" already exists
Add Net: Net with name "CAN2_P" already exists
Add Net: Net with name "in_UNFLT_0" already exists
Add Net: Net with name "in_UNFLT_1" already exists
Add Net: Net with name "in_UNFLT_2" already exists
Add Net: Net with name "in_UNFLT_3" already exists
Add Net: Net with name "in_UNFLT_4" already exists
Add Net: Net with name "in_UNFLT_5" already exists
Add Net: Net with name "NetC7_1" already exists
Add Net: Net with name "NetC9_2" already exists
Add Net: Net with name "NetD3_1" already exists
Add Net: Net with name "NetLED_1" already exists
Add Net: Net with name "NetLED_2" already exists
Add Net: Net with name "NetR3_2" already exists
Add Net: Net with name "NRST" already exists
Add Class: Class already exists: Designator1
Add Class: Class already exists: Designator2
Add Class: Class already exists: Designator3
Add Class: Class already exists: Designator4
Add Class: Class already exists: Designator5
Add Class: Class already exists: Designator6
Add Class: Class already exists: Connectors
Add Class Member: Failed to add class member : Component C11_0 (C11) Capacitor
Add Class Member: Failed to add class member : Component C11_1 (C11) Capacitor
Add Class Member: Failed to add class member : Component C11_2 (C11) Capacitor
Add Class Member: Failed to add class member : Component C11_3 (C11) Capacitor
Add Class Member: Failed to add class member : Component C11_4 (C11) Capacitor
Add Class Member: Failed to add class member : Component C11_5 (C11) Capacitor
Added Member To Class: ClassName=Can_Interface Member=Component C12 CC0603MRX7R9BB104
Added Member To Class: ClassName=Can_Interface Member=Component CAN_H 5003
Added Member To Class: ClassName=Can_Interface Member=Component CAN_L 5003
Add Class Member: Failed to add class member : Component D1_0 (D1) DESD5V0U1BA-7
Add Class Member: Failed to add class member : Component D1_1 (D1) DESD5V0U1BA-7
Add Class Member: Failed to add class member : Component D1_2 (D1) DESD5V0U1BA-7
Add Class Member: Failed to add class member : Component D1_3 (D1) DESD5V0U1BA-7
Add Class Member: Failed to add class member : Component D1_4 (D1) DESD5V0U1BA-7
Add Class Member: Failed to add class member : Component D1_5 (D1) DESD5V0U1BA-7
Added Member To Class: ClassName=Designator Member=Component D3 SS34-E3/9AT
Added Member To Class: ClassName=MCU Member=Component LED APT1608LZGCK
Added Member To Class: ClassName=Can_Interface Member=Component R6 RC0603FR-07120RL
Added Member To Class: ClassName=0 Member=Component R7_0 (R7) 340
Added Member To Class: ClassName=1 Member=Component R7_1 (R7) 340
Added Member To Class: ClassName=2 Member=Component R7_2 (R7) 340
Added Member To Class: ClassName=3 Member=Component R7_3 (R7) 340
Added Member To Class: ClassName=4 Member=Component R7_4 (R7) 340
Added Member To Class: ClassName=5 Member=Component R7_5 (R7) 340
Added Member To Class: ClassName=Designator Member=Component U3 MIC5504-3.3YM5-TR
Added Member To Class: ClassName=Designator Member=Component U4 REF3325AIDBZR
Added Rule: Name=Schematic Supply Nets_7
Added Rule: Name=Schematic Supply Nets_8
Added Rule: Name=Schematic Supply Nets_9
Added Rule: Name=Schematic Supply Nets_10
Added Rule: Name=Schematic Supply Nets_11
Added Rule: Name=Schematic Supply Nets_12
Added Rule: Name=Schematic Supply Nets_13
