Added Component: Designator=C1(FP-CC0603-DA-MFG)
Add component (AddParameter): Name = "Automotive"; Value = "No"; VariantName = "[No Variations]"
Add component (AddParameter): Name = "Capacitance"; Value = "100 nF"; VariantName = "[No Variations]"
Add component (AddParameter): Name = "Category"; Value = "Cap"; VariantName = "[No Variations]"
Add component (AddParameter): Name = "ComponentLink2Description"; Value = "Datasheet"; VariantName = "[No Variations]"
Add component (AddParameter): Name = "ComponentLink2URL"; Value = "http://www.yageo.com/documents/recent/UPY-GPHC_X7R_6.3V-to-50V_18.pdf"; VariantName = "[No Variations]"
Add component (AddParameter): Name = "Device Class L1"; Value = "Passive Components"; VariantName = "[No Variations]"
Add component (AddParameter): Name = "Device Class L2"; Value = "Capacitors"; VariantName = "[No Variations]"
Add component (AddParameter): Name = "Device Class L3"; Value = "Ceramic Capacitors"; VariantName = "[No Variations]"
Add component (AddParameter): Name = "Digikey Description"; Value = "CAP CER 0.1UF 50V X7R 0603"; VariantName = "[No Variations]"
Add component (AddParameter): Name = "Footprint Url"; Value = "http://www.yageo.com/exep/pages/download/literatures/UPY-C_GEN_24.pdf"; VariantName = "[No Variations]"
Add component (AddParameter): Name = "Height"; Value = "0.9mm"; VariantName = "[No Variations]"
Add component (AddParameter): Name = "Lead Free"; Value = "Yes"; VariantName = "[No Variations]"
Add component (AddParameter): Name = "Manufacturer"; Value = "YAGEO"; VariantName = "[No Variations]"
Add component (AddParameter): Name = "Manufacturer Part Number"; Value = "CC0603MRX7R9BB104"; VariantName = "[No Variations]"
Add component (AddParameter): Name = "Material"; Value = "Ceramic"; VariantName = "[No Variations]"
Add component (AddParameter): Name = "Mouser Description"; Value = "Cap Ceramic 50V 20% +Tol 20% -Tol X7R 15% TC 0.1uF SMD 0603"; VariantName = "[No Variations]"
Add component (AddParameter): Name = "Octopart"; Value = "https://octopart.com/cc0603mrx7r9bb104-yageo-67308423"; VariantName = "[No Variations]"
Add component (AddParameter): Name = "Package"; Value = "CC0603-DA"; VariantName = "[No Variations]"
Add component (AddParameter): Name = "RoHS"; Value = "TRUE"; VariantName = "[No Variations]"
Add component (AddParameter): Name = "Temperature"; Value = "-55°C to +125°C"; VariantName = "[No Variations]"
Add component (AddParameter): Name = "Temperature Characteristic"; Value = "X7R"; VariantName = "[No Variations]"
Add component (AddParameter): Name = "Temperature Coefficient"; Value = "15%"; VariantName = "[No Variations]"
Add component (AddParameter): Name = "Temperature Range High"; Value = "+125°C"; VariantName = "[No Variations]"
Add component (AddParameter): Name = "Temperature Range Low"; Value = "-55°C"; VariantName = "[No Variations]"
Add component (AddParameter): Name = "Tolerance"; Value = "0.2"; VariantName = "[No Variations]"
Add component (AddParameter): Name = "Value"; Value = "100 nF"; VariantName = "[No Variations]"
Add component (AddParameter): Name = "Voltage"; Value = "50 V"; VariantName = "[No Variations]"
Add component (AddParameter): Name = "Voltage Rating"; Value = "50 V"; VariantName = "[No Variations]"
Added Component: Designator=C2(FP-CC0603-DA-MFG)
Add component (AddParameter): Name = "Automotive"; Value = "No"; VariantName = "[No Variations]"
Add component (AddParameter): Name = "Capacitance"; Value = "100 nF"; VariantName = "[No Variations]"
Add component (AddParameter): Name = "Category"; Value = "Cap"; VariantName = "[No Variations]"
Add component (AddParameter): Name = "ComponentLink2Description"; Value = "Datasheet"; VariantName = "[No Variations]"
Add component (AddParameter): Name = "ComponentLink2URL"; Value = "http://www.yageo.com/documents/recent/UPY-GPHC_X7R_6.3V-to-50V_18.pdf"; VariantName = "[No Variations]"
Add component (AddParameter): Name = "Device Class L1"; Value = "Passive Components"; VariantName = "[No Variations]"
Add component (AddParameter): Name = "Device Class L2"; Value = "Capacitors"; VariantName = "[No Variations]"
Add component (AddParameter): Name = "Device Class L3"; Value = "Ceramic Capacitors"; VariantName = "[No Variations]"
Add component (AddParameter): Name = "Digikey Description"; Value = "CAP CER 0.1UF 50V X7R 0603"; VariantName = "[No Variations]"
Add component (AddParameter): Name = "Footprint Url"; Value = "http://www.yageo.com/exep/pages/download/literatures/UPY-C_GEN_24.pdf"; VariantName = "[No Variations]"
Add component (AddParameter): Name = "Height"; Value = "0.9mm"; VariantName = "[No Variations]"
Add component (AddParameter): Name = "Lead Free"; Value = "Yes"; VariantName = "[No Variations]"
Add component (AddParameter): Name = "Manufacturer"; Value = "YAGEO"; VariantName = "[No Variations]"
Add component (AddParameter): Name = "Manufacturer Part Number"; Value = "CC0603MRX7R9BB104"; VariantName = "[No Variations]"
Add component (AddParameter): Name = "Material"; Value = "Ceramic"; VariantName = "[No Variations]"
Add component (AddParameter): Name = "Mouser Description"; Value = "Cap Ceramic 50V 20% +Tol 20% -Tol X7R 15% TC 0.1uF SMD 0603"; VariantName = "[No Variations]"
Add component (AddParameter): Name = "Octopart"; Value = "https://octopart.com/cc0603mrx7r9bb104-yageo-67308423"; VariantName = "[No Variations]"
Add component (AddParameter): Name = "Package"; Value = "CC0603-DA"; VariantName = "[No Variations]"
Add component (AddParameter): Name = "RoHS"; Value = "TRUE"; VariantName = "[No Variations]"
Add component (AddParameter): Name = "Temperature"; Value = "-55°C to +125°C"; VariantName = "[No Variations]"
Add component (AddParameter): Name = "Temperature Characteristic"; Value = "X7R"; VariantName = "[No Variations]"
Add component (AddParameter): Name = "Temperature Coefficient"; Value = "15%"; VariantName = "[No Variations]"
Add component (AddParameter): Name = "Temperature Range High"; Value = "+125°C"; VariantName = "[No Variations]"
Add component (AddParameter): Name = "Temperature Range Low"; Value = "-55°C"; VariantName = "[No Variations]"
Add component (AddParameter): Name = "Tolerance"; Value = "0.2"; VariantName = "[No Variations]"
Add component (AddParameter): Name = "Value"; Value = "100 nF"; VariantName = "[No Variations]"
Add component (AddParameter): Name = "Voltage"; Value = "50 V"; VariantName = "[No Variations]"
Add component (AddParameter): Name = "Voltage Rating"; Value = "50 V"; VariantName = "[No Variations]"
Added Component: Designator=C3(FP-CC0603-DA-MFG)
Add component (AddParameter): Name = "Automotive"; Value = "No"; VariantName = "[No Variations]"
Add component (AddParameter): Name = "Capacitance"; Value = "100 nF"; VariantName = "[No Variations]"
Add component (AddParameter): Name = "Category"; Value = "Cap"; VariantName = "[No Variations]"
Add component (AddParameter): Name = "ComponentLink2Description"; Value = "Datasheet"; VariantName = "[No Variations]"
Add component (AddParameter): Name = "ComponentLink2URL"; Value = "http://www.yageo.com/documents/recent/UPY-GPHC_X7R_6.3V-to-50V_18.pdf"; VariantName = "[No Variations]"
Add component (AddParameter): Name = "Device Class L1"; Value = "Passive Components"; VariantName = "[No Variations]"
Add component (AddParameter): Name = "Device Class L2"; Value = "Capacitors"; VariantName = "[No Variations]"
Add component (AddParameter): Name = "Device Class L3"; Value = "Ceramic Capacitors"; VariantName = "[No Variations]"
Add component (AddParameter): Name = "Digikey Description"; Value = "CAP CER 0.1UF 50V X7R 0603"; VariantName = "[No Variations]"
Add component (AddParameter): Name = "Footprint Url"; Value = "http://www.yageo.com/exep/pages/download/literatures/UPY-C_GEN_24.pdf"; VariantName = "[No Variations]"
Add component (AddParameter): Name = "Height"; Value = "0.9mm"; VariantName = "[No Variations]"
Add component (AddParameter): Name = "Lead Free"; Value = "Yes"; VariantName = "[No Variations]"
Add component (AddParameter): Name = "Manufacturer"; Value = "YAGEO"; VariantName = "[No Variations]"
Add component (AddParameter): Name = "Manufacturer Part Number"; Value = "CC0603MRX7R9BB104"; VariantName = "[No Variations]"
Add component (AddParameter): Name = "Material"; Value = "Ceramic"; VariantName = "[No Variations]"
Add component (AddParameter): Name = "Mouser Description"; Value = "Cap Ceramic 50V 20% +Tol 20% -Tol X7R 15% TC 0.1uF SMD 0603"; VariantName = "[No Variations]"
Add component (AddParameter): Name = "Octopart"; Value = "https://octopart.com/cc0603mrx7r9bb104-yageo-67308423"; VariantName = "[No Variations]"
Add component (AddParameter): Name = "Package"; Value = "CC0603-DA"; VariantName = "[No Variations]"
Add component (AddParameter): Name = "RoHS"; Value = "TRUE"; VariantName = "[No Variations]"
Add component (AddParameter): Name = "Temperature"; Value = "-55°C to +125°C"; VariantName = "[No Variations]"
Add component (AddParameter): Name = "Temperature Characteristic"; Value = "X7R"; VariantName = "[No Variations]"
Add component (AddParameter): Name = "Temperature Coefficient"; Value = "15%"; VariantName = "[No Variations]"
Add component (AddParameter): Name = "Temperature Range High"; Value = "+125°C"; VariantName = "[No Variations]"
Add component (AddParameter): Name = "Temperature Range Low"; Value = "-55°C"; VariantName = "[No Variations]"
Add component (AddParameter): Name = "Tolerance"; Value = "0.2"; VariantName = "[No Variations]"
Add component (AddParameter): Name = "Value"; Value = "100 nF"; VariantName = "[No Variations]"
Add component (AddParameter): Name = "Voltage"; Value = "50 V"; VariantName = "[No Variations]"
Add component (AddParameter): Name = "Voltage Rating"; Value = "50 V"; VariantName = "[No Variations]"
Added Component: Designator=C4(FP-CC0603-DA-MFG)
Add component (AddParameter): Name = "Automotive"; Value = "No"; VariantName = "[No Variations]"
Add component (AddParameter): Name = "Capacitance"; Value = "100 nF"; VariantName = "[No Variations]"
Add component (AddParameter): Name = "Category"; Value = "Cap"; VariantName = "[No Variations]"
Add component (AddParameter): Name = "ComponentLink2Description"; Value = "Datasheet"; VariantName = "[No Variations]"
Add component (AddParameter): Name = "ComponentLink2URL"; Value = "http://www.yageo.com/documents/recent/UPY-GPHC_X7R_6.3V-to-50V_18.pdf"; VariantName = "[No Variations]"
Add component (AddParameter): Name = "Device Class L1"; Value = "Passive Components"; VariantName = "[No Variations]"
Add component (AddParameter): Name = "Device Class L2"; Value = "Capacitors"; VariantName = "[No Variations]"
Add component (AddParameter): Name = "Device Class L3"; Value = "Ceramic Capacitors"; VariantName = "[No Variations]"
Add component (AddParameter): Name = "Digikey Description"; Value = "CAP CER 0.1UF 50V X7R 0603"; VariantName = "[No Variations]"
Add component (AddParameter): Name = "Footprint Url"; Value = "http://www.yageo.com/exep/pages/download/literatures/UPY-C_GEN_24.pdf"; VariantName = "[No Variations]"
Add component (AddParameter): Name = "Height"; Value = "0.9mm"; VariantName = "[No Variations]"
Add component (AddParameter): Name = "Lead Free"; Value = "Yes"; VariantName = "[No Variations]"
Add component (AddParameter): Name = "Manufacturer"; Value = "YAGEO"; VariantName = "[No Variations]"
Add component (AddParameter): Name = "Manufacturer Part Number"; Value = "CC0603MRX7R9BB104"; VariantName = "[No Variations]"
Add component (AddParameter): Name = "Material"; Value = "Ceramic"; VariantName = "[No Variations]"
Add component (AddParameter): Name = "Mouser Description"; Value = "Cap Ceramic 50V 20% +Tol 20% -Tol X7R 15% TC 0.1uF SMD 0603"; VariantName = "[No Variations]"
Add component (AddParameter): Name = "Octopart"; Value = "https://octopart.com/cc0603mrx7r9bb104-yageo-67308423"; VariantName = "[No Variations]"
Add component (AddParameter): Name = "Package"; Value = "CC0603-DA"; VariantName = "[No Variations]"
Add component (AddParameter): Name = "RoHS"; Value = "TRUE"; VariantName = "[No Variations]"
Add component (AddParameter): Name = "Temperature"; Value = "-55°C to +125°C"; VariantName = "[No Variations]"
Add component (AddParameter): Name = "Temperature Characteristic"; Value = "X7R"; VariantName = "[No Variations]"
Add component (AddParameter): Name = "Temperature Coefficient"; Value = "15%"; VariantName = "[No Variations]"
Add component (AddParameter): Name = "Temperature Range High"; Value = "+125°C"; VariantName = "[No Variations]"
Add component (AddParameter): Name = "Temperature Range Low"; Value = "-55°C"; VariantName = "[No Variations]"
Add component (AddParameter): Name = "Tolerance"; Value = "0.2"; VariantName = "[No Variations]"
Add component (AddParameter): Name = "Value"; Value = "100 nF"; VariantName = "[No Variations]"
Add component (AddParameter): Name = "Voltage"; Value = "50 V"; VariantName = "[No Variations]"
Add component (AddParameter): Name = "Voltage Rating"; Value = "50 V"; VariantName = "[No Variations]"
Added Component: Designator=C5(FP-GRM21B-0_2-e0_2_0_7-IPC_C)
Added Component: Designator=C6(FP-CC0603-DA-MFG)
Add component (AddParameter): Name = "Automotive"; Value = "No"; VariantName = "[No Variations]"
Add component (AddParameter): Name = "Capacitance"; Value = "1 uF"; VariantName = "[No Variations]"
Add component (AddParameter): Name = "Category"; Value = "Cap"; VariantName = "[No Variations]"
Add component (AddParameter): Name = "ComponentLink2Description"; Value = "Datasheet"; VariantName = "[No Variations]"
Add component (AddParameter): Name = "ComponentLink2URL"; Value = "http://www.yageo.com/documents/recent/UPY-GPHC_X7R_6.3V-to-50V_18.pdf"; VariantName = "[No Variations]"
Add component (AddParameter): Name = "Device Class L1"; Value = "Passive Components"; VariantName = "[No Variations]"
Add component (AddParameter): Name = "Device Class L2"; Value = "Capacitors"; VariantName = "[No Variations]"
Add component (AddParameter): Name = "Device Class L3"; Value = "Ceramic Capacitors"; VariantName = "[No Variations]"
Add component (AddParameter): Name = "Footprint Url"; Value = "http://www.yageo.com/exep/pages/download/literatures/UPY-C_GEN_24.pdf"; VariantName = "[No Variations]"
Add component (AddParameter): Name = "Height"; Value = "0.9mm"; VariantName = "[No Variations]"
Add component (AddParameter): Name = "Lead Free"; Value = "Yes"; VariantName = "[No Variations]"
Add component (AddParameter): Name = "Manufacturer"; Value = "YAGEO"; VariantName = "[No Variations]"
Add component (AddParameter): Name = "Manufacturer Part Number"; Value = "CC0603KPX7R7BB105"; VariantName = "[No Variations]"
Add component (AddParameter): Name = "Material"; Value = "Ceramic"; VariantName = "[No Variations]"
Add component (AddParameter): Name = "Mouser Description"; Value = "Cap Ceramic 1uF 16V X7R 10% SMD 0603 125°C Paper T/R"; VariantName = "[No Variations]"
Add component (AddParameter): Name = "Octopart"; Value = "https://octopart.com/cc0603kpx7r7bb105-yageo-25629533"; VariantName = "[No Variations]"
Add component (AddParameter): Name = "Package"; Value = "CC0603-DA"; VariantName = "[No Variations]"
Add component (AddParameter): Name = "RoHS"; Value = "TRUE"; VariantName = "[No Variations]"
Add component (AddParameter): Name = "Temperature"; Value = "-55°C to +125°C"; VariantName = "[No Variations]"
Add component (AddParameter): Name = "Temperature Characteristic"; Value = "X7R"; VariantName = "[No Variations]"
Add component (AddParameter): Name = "Temperature Coefficient"; Value = "15%"; VariantName = "[No Variations]"
Add component (AddParameter): Name = "Temperature Range High"; Value = "+125°C"; VariantName = "[No Variations]"
Add component (AddParameter): Name = "Temperature Range Low"; Value = "-55°C"; VariantName = "[No Variations]"
Add component (AddParameter): Name = "Tolerance"; Value = "0.1"; VariantName = "[No Variations]"
Add component (AddParameter): Name = "Value"; Value = "1 uF"; VariantName = "[No Variations]"
Add component (AddParameter): Name = "Voltage"; Value = "16 V"; VariantName = "[No Variations]"
Add component (AddParameter): Name = "Voltage Rating"; Value = "16 V"; VariantName = "[No Variations]"
Added Component: Designator=C7(FP-C1608-080-0_1-IPC_C)
Add component (AddParameter): Name = "Capacitance"; Value = "8pF"; VariantName = "[No Variations]"
Add component (AddParameter): Name = "Case Code (Imperial)"; Value = "0603"; VariantName = "[No Variations]"
Add component (AddParameter): Name = "Case Code (Metric)"; Value = "1608"; VariantName = "[No Variations]"
Add component (AddParameter): Name = "Case/Package"; Value = "0603"; VariantName = "[No Variations]"
Add component (AddParameter): Name = "Dielectric"; Value = "C0G"; VariantName = "[No Variations]"
Add component (AddParameter): Name = "Features"; Value = "High Temperature"; VariantName = "[No Variations]"
Add component (AddParameter): Name = "Height"; Value = "0.8mm"; VariantName = "[No Variations]"
Add component (AddParameter): Name = "Lead Free"; Value = "Lead Free"; VariantName = "[No Variations]"
Add component (AddParameter): Name = "Length"; Value = "0.063inch"; VariantName = "[No Variations]"
Add component (AddParameter): Name = "Max Operating Temperature"; Value = "150°C"; VariantName = "[No Variations]"
Add component (AddParameter): Name = "Min Operating Temperature"; Value = "-55°C"; VariantName = "[No Variations]"
Add component (AddParameter): Name = "Mount"; Value = "Surface Mount"; VariantName = "[No Variations]"
Add component (AddParameter): Name = "Package Quantity"; Value = "4000"; VariantName = "[No Variations]"
Add component (AddParameter): Name = "Packaging"; Value = "Tape and Reel"; VariantName = "[No Variations]"
Add component (AddParameter): Name = "RoHS Compliant"; Value = "Yes"; VariantName = "[No Variations]"
Add component (AddParameter): Name = "Series"; Value = "C"; VariantName = "[No Variations]"
Add component (AddParameter): Name = "Termination"; Value = "SMD/SMT"; VariantName = "[No Variations]"
Add component (AddParameter): Name = "Thickness"; Value = "0.035inch"; VariantName = "[No Variations]"
Add component (AddParameter): Name = "Voltage Rating"; Value = "50V"; VariantName = "[No Variations]"
Add component (AddParameter): Name = "Voltage Rating (DC)"; Value = "50V"; VariantName = "[No Variations]"
Add component (AddParameter): Name = "Weight"; Value = "7.1E-05oz"; VariantName = "[No Variations]"
Add component (AddParameter): Name = "Width"; Value = "0.031inch"; VariantName = "[No Variations]"
Added Component: Designator=C8(FP-C1608-080-0_1-IPC_C)
Add component (AddParameter): Name = "Capacitance"; Value = "8pF"; VariantName = "[No Variations]"
Add component (AddParameter): Name = "Case Code (Imperial)"; Value = "0603"; VariantName = "[No Variations]"
Add component (AddParameter): Name = "Case Code (Metric)"; Value = "1608"; VariantName = "[No Variations]"
Add component (AddParameter): Name = "Case/Package"; Value = "0603"; VariantName = "[No Variations]"
Add component (AddParameter): Name = "Dielectric"; Value = "C0G"; VariantName = "[No Variations]"
Add component (AddParameter): Name = "Features"; Value = "High Temperature"; VariantName = "[No Variations]"
Add component (AddParameter): Name = "Height"; Value = "0.8mm"; VariantName = "[No Variations]"
Add component (AddParameter): Name = "Lead Free"; Value = "Lead Free"; VariantName = "[No Variations]"
Add component (AddParameter): Name = "Length"; Value = "0.063inch"; VariantName = "[No Variations]"
Add component (AddParameter): Name = "Max Operating Temperature"; Value = "150°C"; VariantName = "[No Variations]"
Add component (AddParameter): Name = "Min Operating Temperature"; Value = "-55°C"; VariantName = "[No Variations]"
Add component (AddParameter): Name = "Mount"; Value = "Surface Mount"; VariantName = "[No Variations]"
Add component (AddParameter): Name = "Package Quantity"; Value = "4000"; VariantName = "[No Variations]"
Add component (AddParameter): Name = "Packaging"; Value = "Tape and Reel"; VariantName = "[No Variations]"
Add component (AddParameter): Name = "RoHS Compliant"; Value = "Yes"; VariantName = "[No Variations]"
Add component (AddParameter): Name = "Series"; Value = "C"; VariantName = "[No Variations]"
Add component (AddParameter): Name = "Termination"; Value = "SMD/SMT"; VariantName = "[No Variations]"
Add component (AddParameter): Name = "Thickness"; Value = "0.035inch"; VariantName = "[No Variations]"
Add component (AddParameter): Name = "Voltage Rating"; Value = "50V"; VariantName = "[No Variations]"
Add component (AddParameter): Name = "Voltage Rating (DC)"; Value = "50V"; VariantName = "[No Variations]"
Add component (AddParameter): Name = "Weight"; Value = "7.1E-05oz"; VariantName = "[No Variations]"
Add component (AddParameter): Name = "Width"; Value = "0.031inch"; VariantName = "[No Variations]"
Added Component: Designator=C9(FP-CC0603-DA-MFG)
Add component (AddParameter): Name = "Automotive"; Value = "No"; VariantName = "[No Variations]"
Add component (AddParameter): Name = "Capacitance"; Value = "2.2 uF"; VariantName = "[No Variations]"
Add component (AddParameter): Name = "Category"; Value = "Cap"; VariantName = "[No Variations]"
Add component (AddParameter): Name = "ComponentLink2Description"; Value = "Datasheet"; VariantName = "[No Variations]"
Add component (AddParameter): Name = "ComponentLink2URL"; Value = "http://www.yageo.com/documents/recent/UPY-GPHC_X7R_6.3V-to-50V_18.pdf"; VariantName = "[No Variations]"
Add component (AddParameter): Name = "Device Class L1"; Value = "Passive Components"; VariantName = "[No Variations]"
Add component (AddParameter): Name = "Device Class L2"; Value = "Capacitors"; VariantName = "[No Variations]"
Add component (AddParameter): Name = "Device Class L3"; Value = "Ceramic Capacitors"; VariantName = "[No Variations]"
Add component (AddParameter): Name = "Digikey Description"; Value = "CAP CER 2.2UF 16V X7R 0603"; VariantName = "[No Variations]"
Add component (AddParameter): Name = "Footprint Url"; Value = "http://www.yageo.com/exep/pages/download/literatures/UPY-C_GEN_24.pdf"; VariantName = "[No Variations]"
Add component (AddParameter): Name = "Height"; Value = "0.9mm"; VariantName = "[No Variations]"
Add component (AddParameter): Name = "Lead Free"; Value = "Yes"; VariantName = "[No Variations]"
Add component (AddParameter): Name = "Manufacturer"; Value = "YAGEO"; VariantName = "[No Variations]"
Add component (AddParameter): Name = "Manufacturer Part Number"; Value = "CC0603KRX7R7BB225"; VariantName = "[No Variations]"
Add component (AddParameter): Name = "Material"; Value = "Ceramic"; VariantName = "[No Variations]"
Add component (AddParameter): Name = "Mouser Description"; Value = "Cap Ceramic 2.2uF 16V X7R 10% Pad SMD 0603 125C Automotive T/R"; VariantName = "[No Variations]"
Add component (AddParameter): Name = "Octopart"; Value = "https://octopart.com/cc0603krx7r7bb225-yageo-67146440"; VariantName = "[No Variations]"
Add component (AddParameter): Name = "Package"; Value = "CC0603-DA"; VariantName = "[No Variations]"
Add component (AddParameter): Name = "RoHS"; Value = "TRUE"; VariantName = "[No Variations]"
Add component (AddParameter): Name = "Temperature"; Value = "-55°C to +125°C"; VariantName = "[No Variations]"
Add component (AddParameter): Name = "Temperature Characteristic"; Value = "X7R"; VariantName = "[No Variations]"
Add component (AddParameter): Name = "Temperature Coefficient"; Value = "15%"; VariantName = "[No Variations]"
Add component (AddParameter): Name = "Temperature Range High"; Value = "+125°C"; VariantName = "[No Variations]"
Add component (AddParameter): Name = "Temperature Range Low"; Value = "-55°C"; VariantName = "[No Variations]"
Add component (AddParameter): Name = "Tolerance"; Value = "0.1"; VariantName = "[No Variations]"
Add component (AddParameter): Name = "Value"; Value = "2.2 uF"; VariantName = "[No Variations]"
Add component (AddParameter): Name = "Voltage"; Value = "16 V"; VariantName = "[No Variations]"
Add component (AddParameter): Name = "Voltage Rating"; Value = "16 V"; VariantName = "[No Variations]"
Added Component: Designator=C10(FP-CC0603-DA-MFG)
Add component (AddParameter): Name = "Automotive"; Value = "No"; VariantName = "[No Variations]"
Add component (AddParameter): Name = "Capacitance"; Value = "2.2 uF"; VariantName = "[No Variations]"
Add component (AddParameter): Name = "Category"; Value = "Cap"; VariantName = "[No Variations]"
Add component (AddParameter): Name = "ComponentLink2Description"; Value = "Datasheet"; VariantName = "[No Variations]"
Add component (AddParameter): Name = "ComponentLink2URL"; Value = "http://www.yageo.com/documents/recent/UPY-GPHC_X7R_6.3V-to-50V_18.pdf"; VariantName = "[No Variations]"
Add component (AddParameter): Name = "Device Class L1"; Value = "Passive Components"; VariantName = "[No Variations]"
Add component (AddParameter): Name = "Device Class L2"; Value = "Capacitors"; VariantName = "[No Variations]"
Add component (AddParameter): Name = "Device Class L3"; Value = "Ceramic Capacitors"; VariantName = "[No Variations]"
Add component (AddParameter): Name = "Digikey Description"; Value = "CAP CER 2.2UF 16V X7R 0603"; VariantName = "[No Variations]"
Add component (AddParameter): Name = "Footprint Url"; Value = "http://www.yageo.com/exep/pages/download/literatures/UPY-C_GEN_24.pdf"; VariantName = "[No Variations]"
Add component (AddParameter): Name = "Height"; Value = "0.9mm"; VariantName = "[No Variations]"
Add component (AddParameter): Name = "Lead Free"; Value = "Yes"; VariantName = "[No Variations]"
Add component (AddParameter): Name = "Manufacturer"; Value = "YAGEO"; VariantName = "[No Variations]"
Add component (AddParameter): Name = "Manufacturer Part Number"; Value = "CC0603KRX7R7BB225"; VariantName = "[No Variations]"
Add component (AddParameter): Name = "Material"; Value = "Ceramic"; VariantName = "[No Variations]"
Add component (AddParameter): Name = "Mouser Description"; Value = "Cap Ceramic 2.2uF 16V X7R 10% Pad SMD 0603 125C Automotive T/R"; VariantName = "[No Variations]"
Add component (AddParameter): Name = "Octopart"; Value = "https://octopart.com/cc0603krx7r7bb225-yageo-67146440"; VariantName = "[No Variations]"
Add component (AddParameter): Name = "Package"; Value = "CC0603-DA"; VariantName = "[No Variations]"
Add component (AddParameter): Name = "RoHS"; Value = "TRUE"; VariantName = "[No Variations]"
Add component (AddParameter): Name = "Temperature"; Value = "-55°C to +125°C"; VariantName = "[No Variations]"
Add component (AddParameter): Name = "Temperature Characteristic"; Value = "X7R"; VariantName = "[No Variations]"
Add component (AddParameter): Name = "Temperature Coefficient"; Value = "15%"; VariantName = "[No Variations]"
Add component (AddParameter): Name = "Temperature Range High"; Value = "+125°C"; VariantName = "[No Variations]"
Add component (AddParameter): Name = "Temperature Range Low"; Value = "-55°C"; VariantName = "[No Variations]"
Add component (AddParameter): Name = "Tolerance"; Value = "0.1"; VariantName = "[No Variations]"
Add component (AddParameter): Name = "Value"; Value = "2.2 uF"; VariantName = "[No Variations]"
Add component (AddParameter): Name = "Voltage"; Value = "16 V"; VariantName = "[No Variations]"
Add component (AddParameter): Name = "Voltage Rating"; Value = "16 V"; VariantName = "[No Variations]"
Added Component: Designator=C11_0(FP-RC1608-IPC_A)
Add component (AddParameter): Name = "CPAR"; Value = ""; VariantName = "[No Variations]"
Add component (AddParameter): Name = "LSER"; Value = ""; VariantName = "[No Variations]"
Add component (AddParameter): Name = "RLSHUNT"; Value = ""; VariantName = "[No Variations]"
Add component (AddParameter): Name = "RPAR"; Value = ""; VariantName = "[No Variations]"
Add component (AddParameter): Name = "RSER"; Value = ""; VariantName = "[No Variations]"
Add component (AddParameter): Name = "SimulationGenericComponent"; Value = "True"; VariantName = "[No Variations]"
Add component (AddParameter): Name = "TEMP"; Value = ""; VariantName = "[No Variations]"
Add component (AddParameter): Name = "Value"; Value = "DNP"; VariantName = "[No Variations]"
Added Component: Designator=C11_1(FP-RC1608-IPC_A)
Add component (AddParameter): Name = "CPAR"; Value = ""; VariantName = "[No Variations]"
Add component (AddParameter): Name = "LSER"; Value = ""; VariantName = "[No Variations]"
Add component (AddParameter): Name = "RLSHUNT"; Value = ""; VariantName = "[No Variations]"
Add component (AddParameter): Name = "RPAR"; Value = ""; VariantName = "[No Variations]"
Add component (AddParameter): Name = "RSER"; Value = ""; VariantName = "[No Variations]"
Add component (AddParameter): Name = "SimulationGenericComponent"; Value = "True"; VariantName = "[No Variations]"
Add component (AddParameter): Name = "TEMP"; Value = ""; VariantName = "[No Variations]"
Add component (AddParameter): Name = "Value"; Value = "DNP"; VariantName = "[No Variations]"
Added Component: Designator=C11_2(FP-RC1608-IPC_A)
Add component (AddParameter): Name = "CPAR"; Value = ""; VariantName = "[No Variations]"
Add component (AddParameter): Name = "LSER"; Value = ""; VariantName = "[No Variations]"
Add component (AddParameter): Name = "RLSHUNT"; Value = ""; VariantName = "[No Variations]"
Add component (AddParameter): Name = "RPAR"; Value = ""; VariantName = "[No Variations]"
Add component (AddParameter): Name = "RSER"; Value = ""; VariantName = "[No Variations]"
Add component (AddParameter): Name = "SimulationGenericComponent"; Value = "True"; VariantName = "[No Variations]"
Add component (AddParameter): Name = "TEMP"; Value = ""; VariantName = "[No Variations]"
Add component (AddParameter): Name = "Value"; Value = "DNP"; VariantName = "[No Variations]"
Added Component: Designator=C11_3(FP-RC1608-IPC_A)
Add component (AddParameter): Name = "CPAR"; Value = ""; VariantName = "[No Variations]"
Add component (AddParameter): Name = "LSER"; Value = ""; VariantName = "[No Variations]"
Add component (AddParameter): Name = "RLSHUNT"; Value = ""; VariantName = "[No Variations]"
Add component (AddParameter): Name = "RPAR"; Value = ""; VariantName = "[No Variations]"
Add component (AddParameter): Name = "RSER"; Value = ""; VariantName = "[No Variations]"
Add component (AddParameter): Name = "SimulationGenericComponent"; Value = "True"; VariantName = "[No Variations]"
Add component (AddParameter): Name = "TEMP"; Value = ""; VariantName = "[No Variations]"
Add component (AddParameter): Name = "Value"; Value = "DNP"; VariantName = "[No Variations]"
Added Component: Designator=C11_4(FP-RC1608-IPC_A)
Add component (AddParameter): Name = "CPAR"; Value = ""; VariantName = "[No Variations]"
Add component (AddParameter): Name = "LSER"; Value = ""; VariantName = "[No Variations]"
Add component (AddParameter): Name = "RLSHUNT"; Value = ""; VariantName = "[No Variations]"
Add component (AddParameter): Name = "RPAR"; Value = ""; VariantName = "[No Variations]"
Add component (AddParameter): Name = "RSER"; Value = ""; VariantName = "[No Variations]"
Add component (AddParameter): Name = "SimulationGenericComponent"; Value = "True"; VariantName = "[No Variations]"
Add component (AddParameter): Name = "TEMP"; Value = ""; VariantName = "[No Variations]"
Add component (AddParameter): Name = "Value"; Value = "DNP"; VariantName = "[No Variations]"
Added Component: Designator=C11_5(FP-RC1608-IPC_A)
Add component (AddParameter): Name = "CPAR"; Value = ""; VariantName = "[No Variations]"
Add component (AddParameter): Name = "LSER"; Value = ""; VariantName = "[No Variations]"
Add component (AddParameter): Name = "RLSHUNT"; Value = ""; VariantName = "[No Variations]"
Add component (AddParameter): Name = "RPAR"; Value = ""; VariantName = "[No Variations]"
Add component (AddParameter): Name = "RSER"; Value = ""; VariantName = "[No Variations]"
Add component (AddParameter): Name = "SimulationGenericComponent"; Value = "True"; VariantName = "[No Variations]"
Add component (AddParameter): Name = "TEMP"; Value = ""; VariantName = "[No Variations]"
Add component (AddParameter): Name = "Value"; Value = "DNP"; VariantName = "[No Variations]"
Added Component: Designator=C12(FP-CC0603-DA-MFG)
Add component (AddParameter): Name = "Automotive"; Value = "No"; VariantName = "[No Variations]"
Add component (AddParameter): Name = "Capacitance"; Value = "100 nF"; VariantName = "[No Variations]"
Add component (AddParameter): Name = "Category"; Value = "Cap"; VariantName = "[No Variations]"
Add component (AddParameter): Name = "ComponentLink2Description"; Value = "Datasheet"; VariantName = "[No Variations]"
Add component (AddParameter): Name = "ComponentLink2URL"; Value = "http://www.yageo.com/documents/recent/UPY-GPHC_X7R_6.3V-to-50V_18.pdf"; VariantName = "[No Variations]"
Add component (AddParameter): Name = "Device Class L1"; Value = "Passive Components"; VariantName = "[No Variations]"
Add component (AddParameter): Name = "Device Class L2"; Value = "Capacitors"; VariantName = "[No Variations]"
Add component (AddParameter): Name = "Device Class L3"; Value = "Ceramic Capacitors"; VariantName = "[No Variations]"
Add component (AddParameter): Name = "Digikey Description"; Value = "CAP CER 0.1UF 50V X7R 0603"; VariantName = "[No Variations]"
Add component (AddParameter): Name = "Footprint Url"; Value = "http://www.yageo.com/exep/pages/download/literatures/UPY-C_GEN_24.pdf"; VariantName = "[No Variations]"
Add component (AddParameter): Name = "Height"; Value = "0.9mm"; VariantName = "[No Variations]"
Add component (AddParameter): Name = "Lead Free"; Value = "Yes"; VariantName = "[No Variations]"
Add component (AddParameter): Name = "Manufacturer"; Value = "YAGEO"; VariantName = "[No Variations]"
Add component (AddParameter): Name = "Manufacturer Part Number"; Value = "CC0603MRX7R9BB104"; VariantName = "[No Variations]"
Add component (AddParameter): Name = "Material"; Value = "Ceramic"; VariantName = "[No Variations]"
Add component (AddParameter): Name = "Mouser Description"; Value = "Cap Ceramic 50V 20% +Tol 20% -Tol X7R 15% TC 0.1uF SMD 0603"; VariantName = "[No Variations]"
Add component (AddParameter): Name = "Octopart"; Value = "https://octopart.com/cc0603mrx7r9bb104-yageo-67308423"; VariantName = "[No Variations]"
Add component (AddParameter): Name = "Package"; Value = "CC0603-DA"; VariantName = "[No Variations]"
Add component (AddParameter): Name = "RoHS"; Value = "TRUE"; VariantName = "[No Variations]"
Add component (AddParameter): Name = "Temperature"; Value = "-55°C to +125°C"; VariantName = "[No Variations]"
Add component (AddParameter): Name = "Temperature Characteristic"; Value = "X7R"; VariantName = "[No Variations]"
Add component (AddParameter): Name = "Temperature Coefficient"; Value = "15%"; VariantName = "[No Variations]"
Add component (AddParameter): Name = "Temperature Range High"; Value = "+125°C"; VariantName = "[No Variations]"
Add component (AddParameter): Name = "Temperature Range Low"; Value = "-55°C"; VariantName = "[No Variations]"
Add component (AddParameter): Name = "Tolerance"; Value = "0.2"; VariantName = "[No Variations]"
Add component (AddParameter): Name = "Value"; Value = "100 nF"; VariantName = "[No Variations]"
Add component (AddParameter): Name = "Voltage"; Value = "50 V"; VariantName = "[No Variations]"
Add component (AddParameter): Name = "Voltage Rating"; Value = "50 V"; VariantName = "[No Variations]"
Added Component: Designator=C13(FP-RAD-TH-D_10_0_5-L_20_2-MFG)
Add component (AddParameter): Name = "Capacitance"; Value = "680uF"; VariantName = "[No Variations]"
Add component (AddParameter): Name = "Case/Package"; Value = "Radial"; VariantName = "[No Variations]"
Add component (AddParameter): Name = "Construction"; Value = "RADIAL"; VariantName = "[No Variations]"
Add component (AddParameter): Name = "Diameter"; Value = "10mm"; VariantName = "[No Variations]"
Add component (AddParameter): Name = "Dielectric Material"; Value = "Aluminium"; VariantName = "[No Variations]"
Add component (AddParameter): Name = "Dissipation Factor"; Value = "0.14%"; VariantName = "[No Variations]"
Add component (AddParameter): Name = "ESR (Equivalent Series Resistance)"; Value = "19mR"; VariantName = "[No Variations]"
Add component (AddParameter): Name = "Height"; Value = "20mm"; VariantName = "[No Variations]"
Add component (AddParameter): Name = "Height - Seated (Max)"; Value = "0.866inch"; VariantName = "[No Variations]"
Add component (AddParameter): Name = "Impedance"; Value = "19mR"; VariantName = "[No Variations]"
Add component (AddParameter): Name = "Lead Diameter"; Value = "0.6mm"; VariantName = "[No Variations]"
Add component (AddParameter): Name = "Lead Free"; Value = "Lead Free"; VariantName = "[No Variations]"
Add component (AddParameter): Name = "Lead Pitch"; Value = "5mm"; VariantName = "[No Variations]"
Add component (AddParameter): Name = "Length"; Value = "20mm"; VariantName = "[No Variations]"
Add component (AddParameter): Name = "Life (Hours)"; Value = "5000Hour"; VariantName = "[No Variations]"
Add component (AddParameter): Name = "Max Operating Temperature"; Value = "105°C"; VariantName = "[No Variations]"
Add component (AddParameter): Name = "Min Operating Temperature"; Value = "-40°C"; VariantName = "[No Variations]"
Add component (AddParameter): Name = "Mount"; Value = "Through Hole"; VariantName = "[No Variations]"
Add component (AddParameter): Name = "Package Quantity"; Value = "200"; VariantName = "[No Variations]"
Add component (AddParameter): Name = "Packaging"; Value = "Bulk"; VariantName = "[No Variations]"
Add component (AddParameter): Name = "Polarity"; Value = "Polar"; VariantName = "[No Variations]"
Add component (AddParameter): Name = "Radiation Hardening"; Value = "No"; VariantName = "[No Variations]"
Add component (AddParameter): Name = "REACH SVHC"; Value = "No SVHC"; VariantName = "[No Variations]"
Add component (AddParameter): Name = "Ripple Current"; Value = "2.18A"; VariantName = "[No Variations]"
Add component (AddParameter): Name = "RoHS Compliant"; Value = "Yes"; VariantName = "[No Variations]"
Add component (AddParameter): Name = "Series"; Value = "FM"; VariantName = "[No Variations]"
Add component (AddParameter): Name = "Termination"; Value = "Radial"; VariantName = "[No Variations]"
Add component (AddParameter): Name = "Tolerance"; Value = "20%"; VariantName = "[No Variations]"
Add component (AddParameter): Name = "Voltage"; Value = "25V"; VariantName = "[No Variations]"
Add component (AddParameter): Name = "Voltage Rating"; Value = "25V"; VariantName = "[No Variations]"
Add component (AddParameter): Name = "Voltage Rating (DC)"; Value = "25V"; VariantName = "[No Variations]"
Added Component: Designator=C14(FP-CC0603-DA-MFG)
Add component (AddParameter): Name = "Automotive"; Value = "No"; VariantName = "[No Variations]"
Add component (AddParameter): Name = "Capacitance"; Value = "100 nF"; VariantName = "[No Variations]"
Add component (AddParameter): Name = "Category"; Value = "Cap"; VariantName = "[No Variations]"
Add component (AddParameter): Name = "ComponentLink2Description"; Value = "Datasheet"; VariantName = "[No Variations]"
Add component (AddParameter): Name = "ComponentLink2URL"; Value = "http://www.yageo.com/documents/recent/UPY-GPHC_X7R_6.3V-to-50V_18.pdf"; VariantName = "[No Variations]"
Add component (AddParameter): Name = "Device Class L1"; Value = "Passive Components"; VariantName = "[No Variations]"
Add component (AddParameter): Name = "Device Class L2"; Value = "Capacitors"; VariantName = "[No Variations]"
Add component (AddParameter): Name = "Device Class L3"; Value = "Ceramic Capacitors"; VariantName = "[No Variations]"
Add component (AddParameter): Name = "Digikey Description"; Value = "CAP CER 0.1UF 50V X7R 0603"; VariantName = "[No Variations]"
Add component (AddParameter): Name = "Footprint Url"; Value = "http://www.yageo.com/exep/pages/download/literatures/UPY-C_GEN_24.pdf"; VariantName = "[No Variations]"
Add component (AddParameter): Name = "Height"; Value = "0.9mm"; VariantName = "[No Variations]"
Add component (AddParameter): Name = "Lead Free"; Value = "Yes"; VariantName = "[No Variations]"
Add component (AddParameter): Name = "Manufacturer"; Value = "YAGEO"; VariantName = "[No Variations]"
Add component (AddParameter): Name = "Manufacturer Part Number"; Value = "CC0603MRX7R9BB104"; VariantName = "[No Variations]"
Add component (AddParameter): Name = "Material"; Value = "Ceramic"; VariantName = "[No Variations]"
Add component (AddParameter): Name = "Mouser Description"; Value = "Cap Ceramic 50V 20% +Tol 20% -Tol X7R 15% TC 0.1uF SMD 0603"; VariantName = "[No Variations]"
Add component (AddParameter): Name = "Octopart"; Value = "https://octopart.com/cc0603mrx7r9bb104-yageo-67308423"; VariantName = "[No Variations]"
Add component (AddParameter): Name = "Package"; Value = "CC0603-DA"; VariantName = "[No Variations]"
Add component (AddParameter): Name = "RoHS"; Value = "TRUE"; VariantName = "[No Variations]"
Add component (AddParameter): Name = "Temperature"; Value = "-55°C to +125°C"; VariantName = "[No Variations]"
Add component (AddParameter): Name = "Temperature Characteristic"; Value = "X7R"; VariantName = "[No Variations]"
Add component (AddParameter): Name = "Temperature Coefficient"; Value = "15%"; VariantName = "[No Variations]"
Add component (AddParameter): Name = "Temperature Range High"; Value = "+125°C"; VariantName = "[No Variations]"
Add component (AddParameter): Name = "Temperature Range Low"; Value = "-55°C"; VariantName = "[No Variations]"
Add component (AddParameter): Name = "Tolerance"; Value = "0.2"; VariantName = "[No Variations]"
Add component (AddParameter): Name = "Value"; Value = "100 nF"; VariantName = "[No Variations]"
Add component (AddParameter): Name = "Voltage"; Value = "50 V"; VariantName = "[No Variations]"
Add component (AddParameter): Name = "Voltage Rating"; Value = "50 V"; VariantName = "[No Variations]"
Added Component: Designator=C15(FP-FKD8-MFG)
Add component (AddParameter): Name = "Capacitance"; Value = "220uF"; VariantName = "[No Variations]"
Add component (AddParameter): Name = "Case/Package"; Value = "Radial"; VariantName = "[No Variations]"
Add component (AddParameter): Name = "Construction"; Value = "Cylindrical"; VariantName = "[No Variations]"
Add component (AddParameter): Name = "Contact Plating"; Value = "Tin"; VariantName = "[No Variations]"
Add component (AddParameter): Name = "Diameter"; Value = "6.3mm"; VariantName = "[No Variations]"
Add component (AddParameter): Name = "ESR (Equivalent Series Resistance)"; Value = "340mR"; VariantName = "[No Variations]"
Add component (AddParameter): Name = "Height"; Value = "7.7mm"; VariantName = "[No Variations]"
Add component (AddParameter): Name = "Height - Seated (Max)"; Value = "0.315inch"; VariantName = "[No Variations]"
Add component (AddParameter): Name = "Impedance"; Value = "340mR"; VariantName = "[No Variations]"
Add component (AddParameter): Name = "Lead Free"; Value = "Lead Free"; VariantName = "[No Variations]"
Add component (AddParameter): Name = "Leakage Current"; Value = "3uA"; VariantName = "[No Variations]"
Add component (AddParameter): Name = "Length"; Value = "7.7mm"; VariantName = "[No Variations]"
Add component (AddParameter): Name = "Life (Hours)"; Value = "2000Hour"; VariantName = "[No Variations]"
Add component (AddParameter): Name = "Material"; Value = "Aluminium"; VariantName = "[No Variations]"
Add component (AddParameter): Name = "Max Operating Temperature"; Value = "105°C"; VariantName = "[No Variations]"
Add component (AddParameter): Name = "Min Operating Temperature"; Value = "-55°C"; VariantName = "[No Variations]"
Add component (AddParameter): Name = "Mount"; Value = "Surface Mount"; VariantName = "[No Variations]"
Add component (AddParameter): Name = "Number of Pins"; Value = "8"; VariantName = "[No Variations]"
Add component (AddParameter): Name = "Package Quantity"; Value = "900"; VariantName = "[No Variations]"
Add component (AddParameter): Name = "Packaging"; Value = "Tape and Reel"; VariantName = "[No Variations]"
Add component (AddParameter): Name = "Polarity"; Value = "Polar"; VariantName = "[No Variations]"
Add component (AddParameter): Name = "Radiation Hardening"; Value = "No"; VariantName = "[No Variations]"
Add component (AddParameter): Name = "REACH SVHC"; Value = "No SVHC"; VariantName = "[No Variations]"
Add component (AddParameter): Name = "Ripple Current"; Value = "280mA"; VariantName = "[No Variations]"
Add component (AddParameter): Name = "Ripple Current (AC)"; Value = "280mA"; VariantName = "[No Variations]"
Add component (AddParameter): Name = "RoHS Compliant"; Value = "Yes"; VariantName = "[No Variations]"
Add component (AddParameter): Name = "Series"; Value = "FK"; VariantName = "[No Variations]"
Add component (AddParameter): Name = "Termination"; Value = "SMD/SMT"; VariantName = "[No Variations]"
Add component (AddParameter): Name = "Tolerance"; Value = "20%"; VariantName = "[No Variations]"
Add component (AddParameter): Name = "Voltage"; Value = "16V"; VariantName = "[No Variations]"
Add component (AddParameter): Name = "Voltage Rating"; Value = "16V"; VariantName = "[No Variations]"
Add component (AddParameter): Name = "Voltage Rating (DC)"; Value = "16V"; VariantName = "[No Variations]"
Add component (AddParameter): Name = "Width"; Value = "8.3mm"; VariantName = "[No Variations]"
Added Component: Designator=C16(FP-CC0603-DA-MFG)
Add component (AddParameter): Name = "Automotive"; Value = "No"; VariantName = "[No Variations]"
Add component (AddParameter): Name = "Capacitance"; Value = "100 nF"; VariantName = "[No Variations]"
Add component (AddParameter): Name = "Category"; Value = "Cap"; VariantName = "[No Variations]"
Add component (AddParameter): Name = "ComponentLink2Description"; Value = "Datasheet"; VariantName = "[No Variations]"
Add component (AddParameter): Name = "ComponentLink2URL"; Value = "http://www.yageo.com/documents/recent/UPY-GPHC_X7R_6.3V-to-50V_18.pdf"; VariantName = "[No Variations]"
Add component (AddParameter): Name = "Device Class L1"; Value = "Passive Components"; VariantName = "[No Variations]"
Add component (AddParameter): Name = "Device Class L2"; Value = "Capacitors"; VariantName = "[No Variations]"
Add component (AddParameter): Name = "Device Class L3"; Value = "Ceramic Capacitors"; VariantName = "[No Variations]"
Add component (AddParameter): Name = "Digikey Description"; Value = "CAP CER 0.1UF 50V X7R 0603"; VariantName = "[No Variations]"
Add component (AddParameter): Name = "Footprint Url"; Value = "http://www.yageo.com/exep/pages/download/literatures/UPY-C_GEN_24.pdf"; VariantName = "[No Variations]"
Add component (AddParameter): Name = "Height"; Value = "0.9mm"; VariantName = "[No Variations]"
Add component (AddParameter): Name = "Lead Free"; Value = "Yes"; VariantName = "[No Variations]"
Add component (AddParameter): Name = "Manufacturer"; Value = "YAGEO"; VariantName = "[No Variations]"
Add component (AddParameter): Name = "Manufacturer Part Number"; Value = "CC0603MRX7R9BB104"; VariantName = "[No Variations]"
Add component (AddParameter): Name = "Material"; Value = "Ceramic"; VariantName = "[No Variations]"
Add component (AddParameter): Name = "Mouser Description"; Value = "Cap Ceramic 50V 20% +Tol 20% -Tol X7R 15% TC 0.1uF SMD 0603"; VariantName = "[No Variations]"
Add component (AddParameter): Name = "Octopart"; Value = "https://octopart.com/cc0603mrx7r9bb104-yageo-67308423"; VariantName = "[No Variations]"
Add component (AddParameter): Name = "Package"; Value = "CC0603-DA"; VariantName = "[No Variations]"
Add component (AddParameter): Name = "RoHS"; Value = "TRUE"; VariantName = "[No Variations]"
Add component (AddParameter): Name = "Temperature"; Value = "-55°C to +125°C"; VariantName = "[No Variations]"
Add component (AddParameter): Name = "Temperature Characteristic"; Value = "X7R"; VariantName = "[No Variations]"
Add component (AddParameter): Name = "Temperature Coefficient"; Value = "15%"; VariantName = "[No Variations]"
Add component (AddParameter): Name = "Temperature Range High"; Value = "+125°C"; VariantName = "[No Variations]"
Add component (AddParameter): Name = "Temperature Range Low"; Value = "-55°C"; VariantName = "[No Variations]"
Add component (AddParameter): Name = "Tolerance"; Value = "0.2"; VariantName = "[No Variations]"
Add component (AddParameter): Name = "Value"; Value = "100 nF"; VariantName = "[No Variations]"
Add component (AddParameter): Name = "Voltage"; Value = "50 V"; VariantName = "[No Variations]"
Add component (AddParameter): Name = "Voltage Rating"; Value = "50 V"; VariantName = "[No Variations]"
Added Component: Designator=C17(FP-CC0603-DA-MFG)
Add component (AddParameter): Name = "Automotive"; Value = "No"; VariantName = "[No Variations]"
Add component (AddParameter): Name = "Capacitance"; Value = "1 uF"; VariantName = "[No Variations]"
Add component (AddParameter): Name = "Category"; Value = "Cap"; VariantName = "[No Variations]"
Add component (AddParameter): Name = "ComponentLink2Description"; Value = "Datasheet"; VariantName = "[No Variations]"
Add component (AddParameter): Name = "ComponentLink2URL"; Value = "http://www.yageo.com/documents/recent/UPY-GPHC_X7R_6.3V-to-50V_18.pdf"; VariantName = "[No Variations]"
Add component (AddParameter): Name = "Device Class L1"; Value = "Passive Components"; VariantName = "[No Variations]"
Add component (AddParameter): Name = "Device Class L2"; Value = "Capacitors"; VariantName = "[No Variations]"
Add component (AddParameter): Name = "Device Class L3"; Value = "Ceramic Capacitors"; VariantName = "[No Variations]"
Add component (AddParameter): Name = "Footprint Url"; Value = "http://www.yageo.com/exep/pages/download/literatures/UPY-C_GEN_24.pdf"; VariantName = "[No Variations]"
Add component (AddParameter): Name = "Height"; Value = "0.9mm"; VariantName = "[No Variations]"
Add component (AddParameter): Name = "Lead Free"; Value = "Yes"; VariantName = "[No Variations]"
Add component (AddParameter): Name = "Manufacturer"; Value = "YAGEO"; VariantName = "[No Variations]"
Add component (AddParameter): Name = "Manufacturer Part Number"; Value = "CC0603KPX7R7BB105"; VariantName = "[No Variations]"
Add component (AddParameter): Name = "Material"; Value = "Ceramic"; VariantName = "[No Variations]"
Add component (AddParameter): Name = "Mouser Description"; Value = "Cap Ceramic 1uF 16V X7R 10% SMD 0603 125°C Paper T/R"; VariantName = "[No Variations]"
Add component (AddParameter): Name = "Octopart"; Value = "https://octopart.com/cc0603kpx7r7bb105-yageo-25629533"; VariantName = "[No Variations]"
Add component (AddParameter): Name = "Package"; Value = "CC0603-DA"; VariantName = "[No Variations]"
Add component (AddParameter): Name = "RoHS"; Value = "TRUE"; VariantName = "[No Variations]"
Add component (AddParameter): Name = "Temperature"; Value = "-55°C to +125°C"; VariantName = "[No Variations]"
Add component (AddParameter): Name = "Temperature Characteristic"; Value = "X7R"; VariantName = "[No Variations]"
Add component (AddParameter): Name = "Temperature Coefficient"; Value = "15%"; VariantName = "[No Variations]"
Add component (AddParameter): Name = "Temperature Range High"; Value = "+125°C"; VariantName = "[No Variations]"
Add component (AddParameter): Name = "Temperature Range Low"; Value = "-55°C"; VariantName = "[No Variations]"
Add component (AddParameter): Name = "Tolerance"; Value = "0.1"; VariantName = "[No Variations]"
Add component (AddParameter): Name = "Value"; Value = "1 uF"; VariantName = "[No Variations]"
Add component (AddParameter): Name = "Voltage"; Value = "16 V"; VariantName = "[No Variations]"
Add component (AddParameter): Name = "Voltage Rating"; Value = "16 V"; VariantName = "[No Variations]"
Added Component: Designator=C18(FP-CC0603-DA-MFG)
Add component (AddParameter): Name = "Automotive"; Value = "No"; VariantName = "[No Variations]"
Add component (AddParameter): Name = "Capacitance"; Value = "1 uF"; VariantName = "[No Variations]"
Add component (AddParameter): Name = "Category"; Value = "Cap"; VariantName = "[No Variations]"
Add component (AddParameter): Name = "ComponentLink2Description"; Value = "Datasheet"; VariantName = "[No Variations]"
Add component (AddParameter): Name = "ComponentLink2URL"; Value = "http://www.yageo.com/documents/recent/UPY-GPHC_X7R_6.3V-to-50V_18.pdf"; VariantName = "[No Variations]"
Add component (AddParameter): Name = "Device Class L1"; Value = "Passive Components"; VariantName = "[No Variations]"
Add component (AddParameter): Name = "Device Class L2"; Value = "Capacitors"; VariantName = "[No Variations]"
Add component (AddParameter): Name = "Device Class L3"; Value = "Ceramic Capacitors"; VariantName = "[No Variations]"
Add component (AddParameter): Name = "Footprint Url"; Value = "http://www.yageo.com/exep/pages/download/literatures/UPY-C_GEN_24.pdf"; VariantName = "[No Variations]"
Add component (AddParameter): Name = "Height"; Value = "0.9mm"; VariantName = "[No Variations]"
Add component (AddParameter): Name = "Lead Free"; Value = "Yes"; VariantName = "[No Variations]"
Add component (AddParameter): Name = "Manufacturer"; Value = "YAGEO"; VariantName = "[No Variations]"
Add component (AddParameter): Name = "Manufacturer Part Number"; Value = "CC0603KPX7R7BB105"; VariantName = "[No Variations]"
Add component (AddParameter): Name = "Material"; Value = "Ceramic"; VariantName = "[No Variations]"
Add component (AddParameter): Name = "Mouser Description"; Value = "Cap Ceramic 1uF 16V X7R 10% SMD 0603 125°C Paper T/R"; VariantName = "[No Variations]"
Add component (AddParameter): Name = "Octopart"; Value = "https://octopart.com/cc0603kpx7r7bb105-yageo-25629533"; VariantName = "[No Variations]"
Add component (AddParameter): Name = "Package"; Value = "CC0603-DA"; VariantName = "[No Variations]"
Add component (AddParameter): Name = "RoHS"; Value = "TRUE"; VariantName = "[No Variations]"
Add component (AddParameter): Name = "Temperature"; Value = "-55°C to +125°C"; VariantName = "[No Variations]"
Add component (AddParameter): Name = "Temperature Characteristic"; Value = "X7R"; VariantName = "[No Variations]"
Add component (AddParameter): Name = "Temperature Coefficient"; Value = "15%"; VariantName = "[No Variations]"
Add component (AddParameter): Name = "Temperature Range High"; Value = "+125°C"; VariantName = "[No Variations]"
Add component (AddParameter): Name = "Temperature Range Low"; Value = "-55°C"; VariantName = "[No Variations]"
Add component (AddParameter): Name = "Tolerance"; Value = "0.1"; VariantName = "[No Variations]"
Add component (AddParameter): Name = "Value"; Value = "1 uF"; VariantName = "[No Variations]"
Add component (AddParameter): Name = "Voltage"; Value = "16 V"; VariantName = "[No Variations]"
Add component (AddParameter): Name = "Voltage Rating"; Value = "16 V"; VariantName = "[No Variations]"
Added Component: Designator=C19(FP-CC0603-DA-MFG)
Add component (AddParameter): Name = "Automotive"; Value = "No"; VariantName = "[No Variations]"
Add component (AddParameter): Name = "Capacitance"; Value = "1 uF"; VariantName = "[No Variations]"
Add component (AddParameter): Name = "Category"; Value = "Cap"; VariantName = "[No Variations]"
Add component (AddParameter): Name = "ComponentLink2Description"; Value = "Datasheet"; VariantName = "[No Variations]"
Add component (AddParameter): Name = "ComponentLink2URL"; Value = "http://www.yageo.com/documents/recent/UPY-GPHC_X7R_6.3V-to-50V_18.pdf"; VariantName = "[No Variations]"
Add component (AddParameter): Name = "Device Class L1"; Value = "Passive Components"; VariantName = "[No Variations]"
Add component (AddParameter): Name = "Device Class L2"; Value = "Capacitors"; VariantName = "[No Variations]"
Add component (AddParameter): Name = "Device Class L3"; Value = "Ceramic Capacitors"; VariantName = "[No Variations]"
Add component (AddParameter): Name = "Footprint Url"; Value = "http://www.yageo.com/exep/pages/download/literatures/UPY-C_GEN_24.pdf"; VariantName = "[No Variations]"
Add component (AddParameter): Name = "Height"; Value = "0.9mm"; VariantName = "[No Variations]"
Add component (AddParameter): Name = "Lead Free"; Value = "Yes"; VariantName = "[No Variations]"
Add component (AddParameter): Name = "Manufacturer"; Value = "YAGEO"; VariantName = "[No Variations]"
Add component (AddParameter): Name = "Manufacturer Part Number"; Value = "CC0603KPX7R7BB105"; VariantName = "[No Variations]"
Add component (AddParameter): Name = "Material"; Value = "Ceramic"; VariantName = "[No Variations]"
Add component (AddParameter): Name = "Mouser Description"; Value = "Cap Ceramic 1uF 16V X7R 10% SMD 0603 125°C Paper T/R"; VariantName = "[No Variations]"
Add component (AddParameter): Name = "Octopart"; Value = "https://octopart.com/cc0603kpx7r7bb105-yageo-25629533"; VariantName = "[No Variations]"
Add component (AddParameter): Name = "Package"; Value = "CC0603-DA"; VariantName = "[No Variations]"
Add component (AddParameter): Name = "RoHS"; Value = "TRUE"; VariantName = "[No Variations]"
Add component (AddParameter): Name = "Temperature"; Value = "-55°C to +125°C"; VariantName = "[No Variations]"
Add component (AddParameter): Name = "Temperature Characteristic"; Value = "X7R"; VariantName = "[No Variations]"
Add component (AddParameter): Name = "Temperature Coefficient"; Value = "15%"; VariantName = "[No Variations]"
Add component (AddParameter): Name = "Temperature Range High"; Value = "+125°C"; VariantName = "[No Variations]"
Add component (AddParameter): Name = "Temperature Range Low"; Value = "-55°C"; VariantName = "[No Variations]"
Add component (AddParameter): Name = "Tolerance"; Value = "0.1"; VariantName = "[No Variations]"
Add component (AddParameter): Name = "Value"; Value = "1 uF"; VariantName = "[No Variations]"
Add component (AddParameter): Name = "Voltage"; Value = "16 V"; VariantName = "[No Variations]"
Add component (AddParameter): Name = "Voltage Rating"; Value = "16 V"; VariantName = "[No Variations]"
Added Component: Designator=C20(FP-CC0603-DA-MFG)
Add component (AddParameter): Name = "Automotive"; Value = "No"; VariantName = "[No Variations]"
Add component (AddParameter): Name = "Capacitance"; Value = "100 nF"; VariantName = "[No Variations]"
Add component (AddParameter): Name = "Category"; Value = "Cap"; VariantName = "[No Variations]"
Add component (AddParameter): Name = "ComponentLink2Description"; Value = "Datasheet"; VariantName = "[No Variations]"
Add component (AddParameter): Name = "ComponentLink2URL"; Value = "http://www.yageo.com/documents/recent/UPY-GPHC_X7R_6.3V-to-50V_18.pdf"; VariantName = "[No Variations]"
Add component (AddParameter): Name = "Device Class L1"; Value = "Passive Components"; VariantName = "[No Variations]"
Add component (AddParameter): Name = "Device Class L2"; Value = "Capacitors"; VariantName = "[No Variations]"
Add component (AddParameter): Name = "Device Class L3"; Value = "Ceramic Capacitors"; VariantName = "[No Variations]"
Add component (AddParameter): Name = "Digikey Description"; Value = "CAP CER 0.1UF 50V X7R 0603"; VariantName = "[No Variations]"
Add component (AddParameter): Name = "Footprint Url"; Value = "http://www.yageo.com/exep/pages/download/literatures/UPY-C_GEN_24.pdf"; VariantName = "[No Variations]"
Add component (AddParameter): Name = "Height"; Value = "0.9mm"; VariantName = "[No Variations]"
Add component (AddParameter): Name = "Lead Free"; Value = "Yes"; VariantName = "[No Variations]"
Add component (AddParameter): Name = "Manufacturer"; Value = "YAGEO"; VariantName = "[No Variations]"
Add component (AddParameter): Name = "Manufacturer Part Number"; Value = "CC0603MRX7R9BB104"; VariantName = "[No Variations]"
Add component (AddParameter): Name = "Material"; Value = "Ceramic"; VariantName = "[No Variations]"
Add component (AddParameter): Name = "Mouser Description"; Value = "Cap Ceramic 50V 20% +Tol 20% -Tol X7R 15% TC 0.1uF SMD 0603"; VariantName = "[No Variations]"
Add component (AddParameter): Name = "Octopart"; Value = "https://octopart.com/cc0603mrx7r9bb104-yageo-67308423"; VariantName = "[No Variations]"
Add component (AddParameter): Name = "Package"; Value = "CC0603-DA"; VariantName = "[No Variations]"
Add component (AddParameter): Name = "RoHS"; Value = "TRUE"; VariantName = "[No Variations]"
Add component (AddParameter): Name = "Temperature"; Value = "-55°C to +125°C"; VariantName = "[No Variations]"
Add component (AddParameter): Name = "Temperature Characteristic"; Value = "X7R"; VariantName = "[No Variations]"
Add component (AddParameter): Name = "Temperature Coefficient"; Value = "15%"; VariantName = "[No Variations]"
Add component (AddParameter): Name = "Temperature Range High"; Value = "+125°C"; VariantName = "[No Variations]"
Add component (AddParameter): Name = "Temperature Range Low"; Value = "-55°C"; VariantName = "[No Variations]"
Add component (AddParameter): Name = "Tolerance"; Value = "0.2"; VariantName = "[No Variations]"
Add component (AddParameter): Name = "Value"; Value = "100 nF"; VariantName = "[No Variations]"
Add component (AddParameter): Name = "Voltage"; Value = "50 V"; VariantName = "[No Variations]"
Add component (AddParameter): Name = "Voltage Rating"; Value = "50 V"; VariantName = "[No Variations]"
Added Component: Designator=CAN_H(KSTN-5003)
Add component (AddParameter): Name = "Case/Package"; Value = "5003"; VariantName = "[No Variations]"
Add component (AddParameter): Name = "Colour"; Value = "Orange"; VariantName = "[No Variations]"
Add component (AddParameter): Name = "Connector Type"; Value = "TestPoint"; VariantName = "[No Variations]"
Add component (AddParameter): Name = "Contact Material"; Value = "Bronze"; VariantName = "[No Variations]"
Add component (AddParameter): Name = "Contact Plating"; Value = "Tin"; VariantName = "[No Variations]"
Add component (AddParameter): Name = "Datasheet URL"; Value = "http://keyelco.com/userAssets/file/M65p56.pdf"; VariantName = "[No Variations]"
Add component (AddParameter): Name = "Datasheet Version"; Value = "Jun-15"; VariantName = "[No Variations]"
Add component (AddParameter): Name = "Diameter"; Value = "2.54mm"; VariantName = "[No Variations]"
Add component (AddParameter): Name = "Gender"; Value = ""; VariantName = "[No Variations]"
Add component (AddParameter): Name = "Manufacturer"; Value = "Keystone"; VariantName = "[No Variations]"
Add component (AddParameter): Name = "Manufacturer URL"; Value = "http://www.keyelco.com/"; VariantName = "[No Variations]"
Add component (AddParameter): Name = "Max Current Rating"; Value = ""; VariantName = "[No Variations]"
Add component (AddParameter): Name = "Max Operating Temperature"; Value = ""; VariantName = "[No Variations]"
Add component (AddParameter): Name = "Min Operating Temperature"; Value = ""; VariantName = "[No Variations]"
Add component (AddParameter): Name = "Mounting Technology"; Value = "TH"; VariantName = "[No Variations]"
Add component (AddParameter): Name = "Package Description"; Value = "1-Pin Through Hole Device, Dia 2.54 mm"; VariantName = "[No Variations]"
Add component (AddParameter): Name = "Package Quantity"; Value = "10"; VariantName = "[No Variations]"
Add component (AddParameter): Name = "Package Reference"; Value = "5003"; VariantName = "[No Variations]"
Add component (AddParameter): Name = "Packaging"; Value = "Bulk"; VariantName = "[No Variations]"
Add component (AddParameter): Name = "Pins"; Value = "1"; VariantName = "[No Variations]"
Add component (AddParameter): Name = "RoHS Compliant"; Value = "True"; VariantName = "[No Variations]"
Add component (AddParameter): Name = "Voltage Rating"; Value = ""; VariantName = "[No Variations]"
Added Component: Designator=CAN_L(KSTN-5003)
Add component (AddParameter): Name = "Case/Package"; Value = "5003"; VariantName = "[No Variations]"
Add component (AddParameter): Name = "Colour"; Value = "Orange"; VariantName = "[No Variations]"
Add component (AddParameter): Name = "Connector Type"; Value = "TestPoint"; VariantName = "[No Variations]"
Add component (AddParameter): Name = "Contact Material"; Value = "Bronze"; VariantName = "[No Variations]"
Add component (AddParameter): Name = "Contact Plating"; Value = "Tin"; VariantName = "[No Variations]"
Add component (AddParameter): Name = "Datasheet URL"; Value = "http://keyelco.com/userAssets/file/M65p56.pdf"; VariantName = "[No Variations]"
Add component (AddParameter): Name = "Datasheet Version"; Value = "Jun-15"; VariantName = "[No Variations]"
Add component (AddParameter): Name = "Diameter"; Value = "2.54mm"; VariantName = "[No Variations]"
Add component (AddParameter): Name = "Gender"; Value = ""; VariantName = "[No Variations]"
Add component (AddParameter): Name = "Manufacturer"; Value = "Keystone"; VariantName = "[No Variations]"
Add component (AddParameter): Name = "Manufacturer URL"; Value = "http://www.keyelco.com/"; VariantName = "[No Variations]"
Add component (AddParameter): Name = "Max Current Rating"; Value = ""; VariantName = "[No Variations]"
Add component (AddParameter): Name = "Max Operating Temperature"; Value = ""; VariantName = "[No Variations]"
Add component (AddParameter): Name = "Min Operating Temperature"; Value = ""; VariantName = "[No Variations]"
Add component (AddParameter): Name = "Mounting Technology"; Value = "TH"; VariantName = "[No Variations]"
Add component (AddParameter): Name = "Package Description"; Value = "1-Pin Through Hole Device, Dia 2.54 mm"; VariantName = "[No Variations]"
Add component (AddParameter): Name = "Package Quantity"; Value = "10"; VariantName = "[No Variations]"
Add component (AddParameter): Name = "Package Reference"; Value = "5003"; VariantName = "[No Variations]"
Add component (AddParameter): Name = "Packaging"; Value = "Bulk"; VariantName = "[No Variations]"
Add component (AddParameter): Name = "Pins"; Value = "1"; VariantName = "[No Variations]"
Add component (AddParameter): Name = "RoHS Compliant"; Value = "True"; VariantName = "[No Variations]"
Add component (AddParameter): Name = "Voltage Rating"; Value = ""; VariantName = "[No Variations]"
Added Component: Designator=D1_0(SOD323-L_DIO)
Add component (AddParameter): Name = "Arrow Part Number"; Value = "DESD5V0U1BA-7"; VariantName = "[No Variations]"
Add component (AddParameter): Name = "Arrow Price/Stock"; Value = "https://www.arrow.com/en/products/desd5v0u1ba-7/diodes-incorporated?region=nac"; VariantName = "[No Variations]"
Add component (AddParameter): Name = "Datasheet Link"; Value = "https://www.diodes.com//assets/Datasheets/DESD5V0U1BA.pdf"; VariantName = "[No Variations]"
Add component (AddParameter): Name = "Height"; Value = "1.2mm"; VariantName = "[No Variations]"
Add component (AddParameter): Name = "Manufacturer_Name"; Value = "Diodes Incorporated"; VariantName = "[No Variations]"
Add component (AddParameter): Name = "Manufacturer_Part_Number"; Value = "DESD5V0U1BA-7"; VariantName = "[No Variations]"
Add component (AddParameter): Name = "Mouser Part Number"; Value = "621-DESD5V0U1BA-7"; VariantName = "[No Variations]"
Add component (AddParameter): Name = "Mouser Price/Stock"; Value = "https://www.mouser.co.uk/ProductDetail/Diodes-Incorporated/DESD5V0U1BA-7?qs=wtVJq%252Be05r98RUWcs2LyvQ%3D%3D"; VariantName = "[No Variations]"
Added Component: Designator=D1_1(SOD323-L_DIO)
Add component (AddParameter): Name = "Arrow Part Number"; Value = "DESD5V0U1BA-7"; VariantName = "[No Variations]"
Add component (AddParameter): Name = "Arrow Price/Stock"; Value = "https://www.arrow.com/en/products/desd5v0u1ba-7/diodes-incorporated?region=nac"; VariantName = "[No Variations]"
Add component (AddParameter): Name = "Datasheet Link"; Value = "https://www.diodes.com//assets/Datasheets/DESD5V0U1BA.pdf"; VariantName = "[No Variations]"
Add component (AddParameter): Name = "Height"; Value = "1.2mm"; VariantName = "[No Variations]"
Add component (AddParameter): Name = "Manufacturer_Name"; Value = "Diodes Incorporated"; VariantName = "[No Variations]"
Add component (AddParameter): Name = "Manufacturer_Part_Number"; Value = "DESD5V0U1BA-7"; VariantName = "[No Variations]"
Add component (AddParameter): Name = "Mouser Part Number"; Value = "621-DESD5V0U1BA-7"; VariantName = "[No Variations]"
Add component (AddParameter): Name = "Mouser Price/Stock"; Value = "https://www.mouser.co.uk/ProductDetail/Diodes-Incorporated/DESD5V0U1BA-7?qs=wtVJq%252Be05r98RUWcs2LyvQ%3D%3D"; VariantName = "[No Variations]"
Added Component: Designator=D1_2(SOD323-L_DIO)
Add component (AddParameter): Name = "Arrow Part Number"; Value = "DESD5V0U1BA-7"; VariantName = "[No Variations]"
Add component (AddParameter): Name = "Arrow Price/Stock"; Value = "https://www.arrow.com/en/products/desd5v0u1ba-7/diodes-incorporated?region=nac"; VariantName = "[No Variations]"
Add component (AddParameter): Name = "Datasheet Link"; Value = "https://www.diodes.com//assets/Datasheets/DESD5V0U1BA.pdf"; VariantName = "[No Variations]"
Add component (AddParameter): Name = "Height"; Value = "1.2mm"; VariantName = "[No Variations]"
Add component (AddParameter): Name = "Manufacturer_Name"; Value = "Diodes Incorporated"; VariantName = "[No Variations]"
Add component (AddParameter): Name = "Manufacturer_Part_Number"; Value = "DESD5V0U1BA-7"; VariantName = "[No Variations]"
Add component (AddParameter): Name = "Mouser Part Number"; Value = "621-DESD5V0U1BA-7"; VariantName = "[No Variations]"
Add component (AddParameter): Name = "Mouser Price/Stock"; Value = "https://www.mouser.co.uk/ProductDetail/Diodes-Incorporated/DESD5V0U1BA-7?qs=wtVJq%252Be05r98RUWcs2LyvQ%3D%3D"; VariantName = "[No Variations]"
Added Component: Designator=D1_3(SOD323-L_DIO)
Add component (AddParameter): Name = "Arrow Part Number"; Value = "DESD5V0U1BA-7"; VariantName = "[No Variations]"
Add component (AddParameter): Name = "Arrow Price/Stock"; Value = "https://www.arrow.com/en/products/desd5v0u1ba-7/diodes-incorporated?region=nac"; VariantName = "[No Variations]"
Add component (AddParameter): Name = "Datasheet Link"; Value = "https://www.diodes.com//assets/Datasheets/DESD5V0U1BA.pdf"; VariantName = "[No Variations]"
Add component (AddParameter): Name = "Height"; Value = "1.2mm"; VariantName = "[No Variations]"
Add component (AddParameter): Name = "Manufacturer_Name"; Value = "Diodes Incorporated"; VariantName = "[No Variations]"
Add component (AddParameter): Name = "Manufacturer_Part_Number"; Value = "DESD5V0U1BA-7"; VariantName = "[No Variations]"
Add component (AddParameter): Name = "Mouser Part Number"; Value = "621-DESD5V0U1BA-7"; VariantName = "[No Variations]"
Add component (AddParameter): Name = "Mouser Price/Stock"; Value = "https://www.mouser.co.uk/ProductDetail/Diodes-Incorporated/DESD5V0U1BA-7?qs=wtVJq%252Be05r98RUWcs2LyvQ%3D%3D"; VariantName = "[No Variations]"
Added Component: Designator=D1_4(SOD323-L_DIO)
Add component (AddParameter): Name = "Arrow Part Number"; Value = "DESD5V0U1BA-7"; VariantName = "[No Variations]"
Add component (AddParameter): Name = "Arrow Price/Stock"; Value = "https://www.arrow.com/en/products/desd5v0u1ba-7/diodes-incorporated?region=nac"; VariantName = "[No Variations]"
Add component (AddParameter): Name = "Datasheet Link"; Value = "https://www.diodes.com//assets/Datasheets/DESD5V0U1BA.pdf"; VariantName = "[No Variations]"
Add component (AddParameter): Name = "Height"; Value = "1.2mm"; VariantName = "[No Variations]"
Add component (AddParameter): Name = "Manufacturer_Name"; Value = "Diodes Incorporated"; VariantName = "[No Variations]"
Add component (AddParameter): Name = "Manufacturer_Part_Number"; Value = "DESD5V0U1BA-7"; VariantName = "[No Variations]"
Add component (AddParameter): Name = "Mouser Part Number"; Value = "621-DESD5V0U1BA-7"; VariantName = "[No Variations]"
Add component (AddParameter): Name = "Mouser Price/Stock"; Value = "https://www.mouser.co.uk/ProductDetail/Diodes-Incorporated/DESD5V0U1BA-7?qs=wtVJq%252Be05r98RUWcs2LyvQ%3D%3D"; VariantName = "[No Variations]"
Added Component: Designator=D1_5(SOD323-L_DIO)
Add component (AddParameter): Name = "Arrow Part Number"; Value = "DESD5V0U1BA-7"; VariantName = "[No Variations]"
Add component (AddParameter): Name = "Arrow Price/Stock"; Value = "https://www.arrow.com/en/products/desd5v0u1ba-7/diodes-incorporated?region=nac"; VariantName = "[No Variations]"
Add component (AddParameter): Name = "Datasheet Link"; Value = "https://www.diodes.com//assets/Datasheets/DESD5V0U1BA.pdf"; VariantName = "[No Variations]"
Add component (AddParameter): Name = "Height"; Value = "1.2mm"; VariantName = "[No Variations]"
Add component (AddParameter): Name = "Manufacturer_Name"; Value = "Diodes Incorporated"; VariantName = "[No Variations]"
Add component (AddParameter): Name = "Manufacturer_Part_Number"; Value = "DESD5V0U1BA-7"; VariantName = "[No Variations]"
Add component (AddParameter): Name = "Mouser Part Number"; Value = "621-DESD5V0U1BA-7"; VariantName = "[No Variations]"
Add component (AddParameter): Name = "Mouser Price/Stock"; Value = "https://www.mouser.co.uk/ProductDetail/Diodes-Incorporated/DESD5V0U1BA-7?qs=wtVJq%252Be05r98RUWcs2LyvQ%3D%3D"; VariantName = "[No Variations]"
Added Component: Designator=D3(FP-SMC-MFG)
Add component (AddParameter): Name = "Average Rectified Current"; Value = "3A"; VariantName = "[No Variations]"
Add component (AddParameter): Name = "Case/Package"; Value = "SMC"; VariantName = "[No Variations]"
Add component (AddParameter): Name = "Element Configuration"; Value = "Single"; VariantName = "[No Variations]"
Add component (AddParameter): Name = "Forward Current"; Value = "3A"; VariantName = "[No Variations]"
Add component (AddParameter): Name = "Forward Voltage"; Value = "500mV"; VariantName = "[No Variations]"
Add component (AddParameter): Name = "Max Operating Temperature"; Value = "125°C"; VariantName = "[No Variations]"
Add component (AddParameter): Name = "Max Repetitive Reverse Voltage (Vrrm)"; Value = "40V"; VariantName = "[No Variations]"
Add component (AddParameter): Name = "Max Reverse Current"; Value = "500uA"; VariantName = "[No Variations]"
Add component (AddParameter): Name = "Max Reverse Leakage Current"; Value = "500uA"; VariantName = "[No Variations]"
Add component (AddParameter): Name = "Max Reverse Voltage (DC)"; Value = "40V"; VariantName = "[No Variations]"
Add component (AddParameter): Name = "Max Surge Current"; Value = "100A"; VariantName = "[No Variations]"
Add component (AddParameter): Name = "Min Operating Temperature"; Value = "-55°C"; VariantName = "[No Variations]"
Add component (AddParameter): Name = "Mount"; Value = "Surface Mount"; VariantName = "[No Variations]"
Add component (AddParameter): Name = "Number of Pins"; Value = "2"; VariantName = "[No Variations]"
Add component (AddParameter): Name = "Package Quantity"; Value = "3500"; VariantName = "[No Variations]"
Add component (AddParameter): Name = "Packaging"; Value = "Tape and Reel"; VariantName = "[No Variations]"
Add component (AddParameter): Name = "Peak Non-Repetitive Surge Current"; Value = "100A"; VariantName = "[No Variations]"
Add component (AddParameter): Name = "Radiation Hardening"; Value = "No"; VariantName = "[No Variations]"
Add component (AddParameter): Name = "RoHS Compliant"; Value = "Yes"; VariantName = "[No Variations]"
Add component (AddParameter): Name = "Series"; Value = "-"; VariantName = "[No Variations]"
Added Component: Designator=D?(FP-APT1608LZGCK-MFG)
Add component (AddParameter): Name = "Case Code (Imperial)"; Value = "0603"; VariantName = "[No Variations]"
Add component (AddParameter): Name = "Case Code (Metric)"; Value = "1608"; VariantName = "[No Variations]"
Add component (AddParameter): Name = "Case/Package"; Value = "0603"; VariantName = "[No Variations]"
Add component (AddParameter): Name = "Color"; Value = "Green"; VariantName = "[No Variations]"
Add component (AddParameter): Name = "Dominant Wavelength"; Value = "525nm"; VariantName = "[No Variations]"
Add component (AddParameter): Name = "Forward Voltage"; Value = "2.65V"; VariantName = "[No Variations]"
Add component (AddParameter): Name = "Height"; Value = "0.75mm"; VariantName = "[No Variations]"
Add component (AddParameter): Name = "Length"; Value = "1.6mm"; VariantName = "[No Variations]"
Add component (AddParameter): Name = "Lens Color"; Value = "Colorless"; VariantName = "[No Variations]"
Add component (AddParameter): Name = "Lens Transparency"; Value = "Clear"; VariantName = "[No Variations]"
Add component (AddParameter): Name = "Luminous Intensity"; Value = "50mcd"; VariantName = "[No Variations]"
Add component (AddParameter): Name = "Mount"; Value = "Surface Mount"; VariantName = "[No Variations]"
Add component (AddParameter): Name = "Packaging"; Value = "Cut Tape"; VariantName = "[No Variations]"
Add component (AddParameter): Name = "Test Current"; Value = "2mA"; VariantName = "[No Variations]"
Add component (AddParameter): Name = "Viewing Angle"; Value = "120°"; VariantName = "[No Variations]"
Add component (AddParameter): Name = "Width"; Value = "0.8mm"; VariantName = "[No Variations]"
Added Component: Designator=FB1(FP-RC2012-IPC_A)
Add component (AddParameter): Name = "Arrow Part Number"; Value = "FBMJ2125HS250NT"; VariantName = "[No Variations]"
Add component (AddParameter): Name = "Arrow Price/Stock"; Value = "null?region=nac"; VariantName = "[No Variations]"
Add component (AddParameter): Name = "Datasheet Link"; Value = "https://mouser.componentsearchengine.com/Datasheets/1/FBMJ2125HS250NT.pdf"; VariantName = "[No Variations]"
Add component (AddParameter): Name = "Height"; Value = "1.05mm"; VariantName = "[No Variations]"
Add component (AddParameter): Name = "Manufacturer_Name"; Value = "TAIYO YUDEN"; VariantName = "[No Variations]"
Add component (AddParameter): Name = "Manufacturer_Part_Number"; Value = "FBMJ2125HS250NT"; VariantName = "[No Variations]"
Add component (AddParameter): Name = "Mouser Part Number"; Value = "963-FBMJ2125HS250NT"; VariantName = "[No Variations]"
Add component (AddParameter): Name = "Mouser Price/Stock"; Value = "https://www.mouser.co.uk/ProductDetail/TAIYO-YUDEN/FBMJ2125HS250NT?qs=I6KAKw0tg2w%2F7qNkMvc%2FCQ%3D%3D"; VariantName = "[No Variations]"
Added Component: Designator=IC5(SOIC8_4P9X3P9MC_MCH)
Add component (AddParameter): Name = "Arrow Part Number"; Value = "ATA6560-GAQW-N"; VariantName = "[No Variations]"
Add component (AddParameter): Name = "Arrow Price/Stock"; Value = "https://www.arrow.com/en/products/ata6560-gaqw-n/microchip-technology?region=nac"; VariantName = "[No Variations]"
Add component (AddParameter): Name = "Datasheet Link"; Value = "https://mouser.componentsearchengine.com/Datasheets/1/ATA6560-GAQW-N.pdf"; VariantName = "[No Variations]"
Add component (AddParameter): Name = "Height"; Value = "1.75mm"; VariantName = "[No Variations]"
Add component (AddParameter): Name = "Manufacturer_Name"; Value = "Microchip"; VariantName = "[No Variations]"
Add component (AddParameter): Name = "Manufacturer_Part_Number"; Value = "ATA6560-GAQW-N"; VariantName = "[No Variations]"
Add component (AddParameter): Name = "Mouser Part Number"; Value = "579-ATA6560-GAQW-N"; VariantName = "[No Variations]"
Add component (AddParameter): Name = "Mouser Price/Stock"; Value = "https://www.mouser.co.uk/ProductDetail/Microchip-Technology-Atmel/ATA6560-GAQW-N?qs=y6ZabgHbY%252By0WOzqKXUktg%3D%3D"; VariantName = "[No Variations]"
Added Component: Designator=J1_Designator1(SMTC-TSW-106-23-X-S)
Add component (AddParameter): Name = "ComponentLink1Description"; Value = "Manufacturer URL"; VariantName = "[No Variations]"
Add component (AddParameter): Name = "ComponentLink1URL"; Value = "http://www.samtec.com"; VariantName = "[No Variations]"
Add component (AddParameter): Name = "ComponentLink2Description"; Value = "Datasheet"; VariantName = "[No Variations]"
Add component (AddParameter): Name = "ComponentLink2URL"; Value = "http://www.samtec.com/documents/webfiles/pdf/TSW_TH.PDF"; VariantName = "[No Variations]"
Add component (AddParameter): Name = "ComponentLink3Description"; Value = "Package Specification"; VariantName = "[No Variations]"
Add component (AddParameter): Name = "ComponentLink3URL"; Value = "http://www.samtec.com/documents/webfiles/cpdf/TSW-XXX-XX-XXX-X-XX-XXX-MKT.pdf"; VariantName = "[No Variations]"
Add component (AddParameter): Name = "DatasheetVersion"; Value = "F-214"; VariantName = "[No Variations]"
Add component (AddParameter): Name = "Manufacturer"; Value = "Samtec"; VariantName = "[No Variations]"
Add component (AddParameter): Name = "Mounting Technology"; Value = "Through-hole"; VariantName = "[No Variations]"
Add component (AddParameter): Name = "Orientation"; Value = "Vertical"; VariantName = "[No Variations]"
Add component (AddParameter): Name = "PackageDescription"; Value = ".025[0.64] SQ. Post Terminal Strip Assembly"; VariantName = "[No Variations]"
Add component (AddParameter): Name = "PackageReference"; Value = "TSW-106-23-X-S"; VariantName = "[No Variations]"
Add component (AddParameter): Name = "PackageVersion"; Value = "DM, 8/1988"; VariantName = "[No Variations]"
Add component (AddParameter): Name = "PartNumber"; Value = "TSW-106-23-F-S"; VariantName = "[No Variations]"
Add component (AddParameter): Name = "Pitch"; Value = "2.54 mm"; VariantName = "[No Variations]"
Add component (AddParameter): Name = "RoHS"; Value = "True"; VariantName = "[No Variations]"
Add component (AddParameter): Name = "Temperature Range"; Value = "-55 to 125 degC"; VariantName = "[No Variations]"
Added Component: Designator=J1_Designator2(SMTC-TSW-106-23-X-S)
Add component (AddParameter): Name = "ComponentLink1Description"; Value = "Manufacturer URL"; VariantName = "[No Variations]"
Add component (AddParameter): Name = "ComponentLink1URL"; Value = "http://www.samtec.com"; VariantName = "[No Variations]"
Add component (AddParameter): Name = "ComponentLink2Description"; Value = "Datasheet"; VariantName = "[No Variations]"
Add component (AddParameter): Name = "ComponentLink2URL"; Value = "http://www.samtec.com/documents/webfiles/pdf/TSW_TH.PDF"; VariantName = "[No Variations]"
Add component (AddParameter): Name = "ComponentLink3Description"; Value = "Package Specification"; VariantName = "[No Variations]"
Add component (AddParameter): Name = "ComponentLink3URL"; Value = "http://www.samtec.com/documents/webfiles/cpdf/TSW-XXX-XX-XXX-X-XX-XXX-MKT.pdf"; VariantName = "[No Variations]"
Add component (AddParameter): Name = "DatasheetVersion"; Value = "F-214"; VariantName = "[No Variations]"
Add component (AddParameter): Name = "Manufacturer"; Value = "Samtec"; VariantName = "[No Variations]"
Add component (AddParameter): Name = "Mounting Technology"; Value = "Through-hole"; VariantName = "[No Variations]"
Add component (AddParameter): Name = "Orientation"; Value = "Vertical"; VariantName = "[No Variations]"
Add component (AddParameter): Name = "PackageDescription"; Value = ".025[0.64] SQ. Post Terminal Strip Assembly"; VariantName = "[No Variations]"
Add component (AddParameter): Name = "PackageReference"; Value = "TSW-106-23-X-S"; VariantName = "[No Variations]"
Add component (AddParameter): Name = "PackageVersion"; Value = "DM, 8/1988"; VariantName = "[No Variations]"
Add component (AddParameter): Name = "PartNumber"; Value = "TSW-106-23-F-S"; VariantName = "[No Variations]"
Add component (AddParameter): Name = "Pitch"; Value = "2.54 mm"; VariantName = "[No Variations]"
Add component (AddParameter): Name = "RoHS"; Value = "True"; VariantName = "[No Variations]"
Add component (AddParameter): Name = "Temperature Range"; Value = "-55 to 125 degC"; VariantName = "[No Variations]"
Added Component: Designator=J1_Designator3(SMTC-TSW-106-23-X-S)
Add component (AddParameter): Name = "ComponentLink1Description"; Value = "Manufacturer URL"; VariantName = "[No Variations]"
Add component (AddParameter): Name = "ComponentLink1URL"; Value = "http://www.samtec.com"; VariantName = "[No Variations]"
Add component (AddParameter): Name = "ComponentLink2Description"; Value = "Datasheet"; VariantName = "[No Variations]"
Add component (AddParameter): Name = "ComponentLink2URL"; Value = "http://www.samtec.com/documents/webfiles/pdf/TSW_TH.PDF"; VariantName = "[No Variations]"
Add component (AddParameter): Name = "ComponentLink3Description"; Value = "Package Specification"; VariantName = "[No Variations]"
Add component (AddParameter): Name = "ComponentLink3URL"; Value = "http://www.samtec.com/documents/webfiles/cpdf/TSW-XXX-XX-XXX-X-XX-XXX-MKT.pdf"; VariantName = "[No Variations]"
Add component (AddParameter): Name = "DatasheetVersion"; Value = "F-214"; VariantName = "[No Variations]"
Add component (AddParameter): Name = "Manufacturer"; Value = "Samtec"; VariantName = "[No Variations]"
Add component (AddParameter): Name = "Mounting Technology"; Value = "Through-hole"; VariantName = "[No Variations]"
Add component (AddParameter): Name = "Orientation"; Value = "Vertical"; VariantName = "[No Variations]"
Add component (AddParameter): Name = "PackageDescription"; Value = ".025[0.64] SQ. Post Terminal Strip Assembly"; VariantName = "[No Variations]"
Add component (AddParameter): Name = "PackageReference"; Value = "TSW-106-23-X-S"; VariantName = "[No Variations]"
Add component (AddParameter): Name = "PackageVersion"; Value = "DM, 8/1988"; VariantName = "[No Variations]"
Add component (AddParameter): Name = "PartNumber"; Value = "TSW-106-23-F-S"; VariantName = "[No Variations]"
Add component (AddParameter): Name = "Pitch"; Value = "2.54 mm"; VariantName = "[No Variations]"
Add component (AddParameter): Name = "RoHS"; Value = "True"; VariantName = "[No Variations]"
Add component (AddParameter): Name = "Temperature Range"; Value = "-55 to 125 degC"; VariantName = "[No Variations]"
Added Component: Designator=J1_Designator4(SMTC-TSW-106-23-X-S)
Add component (AddParameter): Name = "ComponentLink1Description"; Value = "Manufacturer URL"; VariantName = "[No Variations]"
Add component (AddParameter): Name = "ComponentLink1URL"; Value = "http://www.samtec.com"; VariantName = "[No Variations]"
Add component (AddParameter): Name = "ComponentLink2Description"; Value = "Datasheet"; VariantName = "[No Variations]"
Add component (AddParameter): Name = "ComponentLink2URL"; Value = "http://www.samtec.com/documents/webfiles/pdf/TSW_TH.PDF"; VariantName = "[No Variations]"
Add component (AddParameter): Name = "ComponentLink3Description"; Value = "Package Specification"; VariantName = "[No Variations]"
Add component (AddParameter): Name = "ComponentLink3URL"; Value = "http://www.samtec.com/documents/webfiles/cpdf/TSW-XXX-XX-XXX-X-XX-XXX-MKT.pdf"; VariantName = "[No Variations]"
Add component (AddParameter): Name = "DatasheetVersion"; Value = "F-214"; VariantName = "[No Variations]"
Add component (AddParameter): Name = "Manufacturer"; Value = "Samtec"; VariantName = "[No Variations]"
Add component (AddParameter): Name = "Mounting Technology"; Value = "Through-hole"; VariantName = "[No Variations]"
Add component (AddParameter): Name = "Orientation"; Value = "Vertical"; VariantName = "[No Variations]"
Add component (AddParameter): Name = "PackageDescription"; Value = ".025[0.64] SQ. Post Terminal Strip Assembly"; VariantName = "[No Variations]"
Add component (AddParameter): Name = "PackageReference"; Value = "TSW-106-23-X-S"; VariantName = "[No Variations]"
Add component (AddParameter): Name = "PackageVersion"; Value = "DM, 8/1988"; VariantName = "[No Variations]"
Add component (AddParameter): Name = "PartNumber"; Value = "TSW-106-23-F-S"; VariantName = "[No Variations]"
Add component (AddParameter): Name = "Pitch"; Value = "2.54 mm"; VariantName = "[No Variations]"
Add component (AddParameter): Name = "RoHS"; Value = "True"; VariantName = "[No Variations]"
Add component (AddParameter): Name = "Temperature Range"; Value = "-55 to 125 degC"; VariantName = "[No Variations]"
Added Component: Designator=J1_Designator5(SMTC-TSW-106-23-X-S)
Add component (AddParameter): Name = "ComponentLink1Description"; Value = "Manufacturer URL"; VariantName = "[No Variations]"
Add component (AddParameter): Name = "ComponentLink1URL"; Value = "http://www.samtec.com"; VariantName = "[No Variations]"
Add component (AddParameter): Name = "ComponentLink2Description"; Value = "Datasheet"; VariantName = "[No Variations]"
Add component (AddParameter): Name = "ComponentLink2URL"; Value = "http://www.samtec.com/documents/webfiles/pdf/TSW_TH.PDF"; VariantName = "[No Variations]"
Add component (AddParameter): Name = "ComponentLink3Description"; Value = "Package Specification"; VariantName = "[No Variations]"
Add component (AddParameter): Name = "ComponentLink3URL"; Value = "http://www.samtec.com/documents/webfiles/cpdf/TSW-XXX-XX-XXX-X-XX-XXX-MKT.pdf"; VariantName = "[No Variations]"
Add component (AddParameter): Name = "DatasheetVersion"; Value = "F-214"; VariantName = "[No Variations]"
Add component (AddParameter): Name = "Manufacturer"; Value = "Samtec"; VariantName = "[No Variations]"
Add component (AddParameter): Name = "Mounting Technology"; Value = "Through-hole"; VariantName = "[No Variations]"
Add component (AddParameter): Name = "Orientation"; Value = "Vertical"; VariantName = "[No Variations]"
Add component (AddParameter): Name = "PackageDescription"; Value = ".025[0.64] SQ. Post Terminal Strip Assembly"; VariantName = "[No Variations]"
Add component (AddParameter): Name = "PackageReference"; Value = "TSW-106-23-X-S"; VariantName = "[No Variations]"
Add component (AddParameter): Name = "PackageVersion"; Value = "DM, 8/1988"; VariantName = "[No Variations]"
Add component (AddParameter): Name = "PartNumber"; Value = "TSW-106-23-F-S"; VariantName = "[No Variations]"
Add component (AddParameter): Name = "Pitch"; Value = "2.54 mm"; VariantName = "[No Variations]"
Add component (AddParameter): Name = "RoHS"; Value = "True"; VariantName = "[No Variations]"
Add component (AddParameter): Name = "Temperature Range"; Value = "-55 to 125 degC"; VariantName = "[No Variations]"
Added Component: Designator=J1_Designator6(SMTC-TSW-106-23-X-S)
Add component (AddParameter): Name = "ComponentLink1Description"; Value = "Manufacturer URL"; VariantName = "[No Variations]"
Add component (AddParameter): Name = "ComponentLink1URL"; Value = "http://www.samtec.com"; VariantName = "[No Variations]"
Add component (AddParameter): Name = "ComponentLink2Description"; Value = "Datasheet"; VariantName = "[No Variations]"
Add component (AddParameter): Name = "ComponentLink2URL"; Value = "http://www.samtec.com/documents/webfiles/pdf/TSW_TH.PDF"; VariantName = "[No Variations]"
Add component (AddParameter): Name = "ComponentLink3Description"; Value = "Package Specification"; VariantName = "[No Variations]"
Add component (AddParameter): Name = "ComponentLink3URL"; Value = "http://www.samtec.com/documents/webfiles/cpdf/TSW-XXX-XX-XXX-X-XX-XXX-MKT.pdf"; VariantName = "[No Variations]"
Add component (AddParameter): Name = "DatasheetVersion"; Value = "F-214"; VariantName = "[No Variations]"
Add component (AddParameter): Name = "Manufacturer"; Value = "Samtec"; VariantName = "[No Variations]"
Add component (AddParameter): Name = "Mounting Technology"; Value = "Through-hole"; VariantName = "[No Variations]"
Add component (AddParameter): Name = "Orientation"; Value = "Vertical"; VariantName = "[No Variations]"
Add component (AddParameter): Name = "PackageDescription"; Value = ".025[0.64] SQ. Post Terminal Strip Assembly"; VariantName = "[No Variations]"
Add component (AddParameter): Name = "PackageReference"; Value = "TSW-106-23-X-S"; VariantName = "[No Variations]"
Add component (AddParameter): Name = "PackageVersion"; Value = "DM, 8/1988"; VariantName = "[No Variations]"
Add component (AddParameter): Name = "PartNumber"; Value = "TSW-106-23-F-S"; VariantName = "[No Variations]"
Add component (AddParameter): Name = "Pitch"; Value = "2.54 mm"; VariantName = "[No Variations]"
Add component (AddParameter): Name = "RoHS"; Value = "True"; VariantName = "[No Variations]"
Add component (AddParameter): Name = "Temperature Range"; Value = "-55 to 125 degC"; VariantName = "[No Variations]"
Added Component: Designator=J3(FP-TSW-106-22-G-S-MFG)
Add component (AddParameter): Name = "Arrow Part Number"; Value = ""; VariantName = "[No Variations]"
Add component (AddParameter): Name = "Arrow Price/Stock"; Value = ""; VariantName = "[No Variations]"
Add component (AddParameter): Name = "Datasheet Link"; Value = "http://katalog.we-online.de/em/datasheet/6130xx11121.pdf"; VariantName = "[No Variations]"
Add component (AddParameter): Name = "Height"; Value = "8.54mm"; VariantName = "[No Variations]"
Add component (AddParameter): Name = "Manufacturer_Name"; Value = "Wurth Elektronik"; VariantName = "[No Variations]"
Add component (AddParameter): Name = "Manufacturer_Part_Number"; Value = "61300511121"; VariantName = "[No Variations]"
Add component (AddParameter): Name = "Mouser Part Number"; Value = "710-61300511121"; VariantName = "[No Variations]"
Add component (AddParameter): Name = "Mouser Price/Stock"; Value = "https://www.mouser.co.uk/ProductDetail/Wurth-Elektronik/61300511121?qs=PhR8RmCirEZCsCRHq%252BvfRQ%3D%3D"; VariantName = "[No Variations]"
Added Component: Designator=L1(SRR1260_33uH)
Add component (AddParameter): Name = "Case/Package"; Value = ""; VariantName = "[No Variations]"
Add component (AddParameter): Name = "Current Rating"; Value = ""; VariantName = "[No Variations]"
Add component (AddParameter): Name = "Max Current Rating"; Value = ""; VariantName = "[No Variations]"
Add component (AddParameter): Name = "Max Operating Temperature"; Value = ""; VariantName = "[No Variations]"
Add component (AddParameter): Name = "Min Operating Temperature"; Value = ""; VariantName = "[No Variations]"
Add component (AddParameter): Name = "Mounting Technology"; Value = ""; VariantName = "[No Variations]"
Add component (AddParameter): Name = "Pins"; Value = ""; VariantName = "[No Variations]"
Add component (AddParameter): Name = "RoHS Compliant"; Value = ""; VariantName = "[No Variations]"
Add component (AddParameter): Name = "Self Resonant Frequency"; Value = ""; VariantName = "[No Variations]"
Add component (AddParameter): Name = "Tolerance"; Value = ""; VariantName = "[No Variations]"
Add component (AddParameter): Name = "Value"; Value = ""; VariantName = "[No Variations]"
Added Component: Designator=R1(RESC1608X55X25LL10T15)
Add component (AddParameter): Name = "Arrow Part Number"; Value = "RC0603JR-070RL"; VariantName = "[No Variations]"
Add component (AddParameter): Name = "Arrow Price/Stock"; Value = "https://www.arrow.com/en/products/rc0603jr-070rl/yageo?region=nac"; VariantName = "[No Variations]"
Add component (AddParameter): Name = "Datasheet Link"; Value = "https://componentsearchengine.com/Datasheets/2/RC0603JR-070RL.pdf"; VariantName = "[No Variations]"
Add component (AddParameter): Name = "Height"; Value = "0.55mm"; VariantName = "[No Variations]"
Add component (AddParameter): Name = "Manufacturer_Name"; Value = "YAGEO"; VariantName = "[No Variations]"
Add component (AddParameter): Name = "Manufacturer_Part_Number"; Value = "RC0603JR-070RL"; VariantName = "[No Variations]"
Add component (AddParameter): Name = "Mouser Part Number"; Value = "603-RC0603JR-070RL"; VariantName = "[No Variations]"
Add component (AddParameter): Name = "Mouser Price/Stock"; Value = "https://www.mouser.co.uk/ProductDetail/YAGEO/RC0603JR-070RL?qs=2cAdsCoAWRGWyPcuXgGiXQ%3D%3D"; VariantName = "[No Variations]"
Added Component: Designator=R2(RESC1608X55X25LL10T15)
Add component (AddParameter): Name = "Arrow Part Number"; Value = "RC0603FR0710KL"; VariantName = "[No Variations]"
Add component (AddParameter): Name = "Arrow Price/Stock"; Value = "https://www.arrow.com/en/products/rc0603fr-0710kl/yageo"; VariantName = "[No Variations]"
Add component (AddParameter): Name = "Datasheet Link"; Value = "http://www.yageo.com/documents/recent/PYu-RC0603_51_RoHS_L_v5.pdf"; VariantName = "[No Variations]"
Add component (AddParameter): Name = "Height"; Value = "0.55mm"; VariantName = "[No Variations]"
Add component (AddParameter): Name = "Manufacturer_Name"; Value = "KEMET"; VariantName = "[No Variations]"
Add component (AddParameter): Name = "Manufacturer_Part_Number"; Value = "RC0603FR0710KL"; VariantName = "[No Variations]"
Add component (AddParameter): Name = "Mouser Part Number"; Value = ""; VariantName = "[No Variations]"
Add component (AddParameter): Name = "Mouser Price/Stock"; Value = ""; VariantName = "[No Variations]"
Added Component: Designator=R3(RESC1608X55X25LL10T15)
Add component (AddParameter): Name = "Arrow Part Number"; Value = "RC0603JR-070RL"; VariantName = "[No Variations]"
Add component (AddParameter): Name = "Arrow Price/Stock"; Value = "https://www.arrow.com/en/products/rc0603jr-070rl/yageo?region=nac"; VariantName = "[No Variations]"
Add component (AddParameter): Name = "Datasheet Link"; Value = "https://componentsearchengine.com/Datasheets/2/RC0603JR-070RL.pdf"; VariantName = "[No Variations]"
Add component (AddParameter): Name = "Height"; Value = "0.55mm"; VariantName = "[No Variations]"
Add component (AddParameter): Name = "Manufacturer_Name"; Value = "YAGEO"; VariantName = "[No Variations]"
Add component (AddParameter): Name = "Manufacturer_Part_Number"; Value = "RC0603JR-070RL"; VariantName = "[No Variations]"
Add component (AddParameter): Name = "Mouser Part Number"; Value = "603-RC0603JR-070RL"; VariantName = "[No Variations]"
Add component (AddParameter): Name = "Mouser Price/Stock"; Value = "https://www.mouser.co.uk/ProductDetail/YAGEO/RC0603JR-070RL?qs=2cAdsCoAWRGWyPcuXgGiXQ%3D%3D"; VariantName = "[No Variations]"
Added Component: Designator=R4(RESC1608X55X25LL10T15)
Add component (AddParameter): Name = "Arrow Part Number"; Value = "RC0603FR0710KL"; VariantName = "[No Variations]"
Add component (AddParameter): Name = "Arrow Price/Stock"; Value = "https://www.arrow.com/en/products/rc0603fr-0710kl/yageo"; VariantName = "[No Variations]"
Add component (AddParameter): Name = "Datasheet Link"; Value = "http://www.yageo.com/documents/recent/PYu-RC0603_51_RoHS_L_v5.pdf"; VariantName = "[No Variations]"
Add component (AddParameter): Name = "Height"; Value = "0.55mm"; VariantName = "[No Variations]"
Add component (AddParameter): Name = "Manufacturer_Name"; Value = "KEMET"; VariantName = "[No Variations]"
Add component (AddParameter): Name = "Manufacturer_Part_Number"; Value = "RC0603FR0710KL"; VariantName = "[No Variations]"
Add component (AddParameter): Name = "Mouser Part Number"; Value = ""; VariantName = "[No Variations]"
Add component (AddParameter): Name = "Mouser Price/Stock"; Value = ""; VariantName = "[No Variations]"
Added Component: Designator=R5(FP-RC2012-IPC_A)
Add component (AddParameter): Name = "Arrow Part Number"; Value = "RC0805FR-0756RL"; VariantName = "[No Variations]"
Add component (AddParameter): Name = "Arrow Price/Stock"; Value = "https://www.arrow.com/en/products/rc0805fr-0756rl/yageo?region=nac"; VariantName = "[No Variations]"
Add component (AddParameter): Name = "Datasheet Link"; Value = "http://www.yageo.com/documents/recent/PYu-RC_Group_51_RoHS_L_10.pdf"; VariantName = "[No Variations]"
Add component (AddParameter): Name = "Height"; Value = "0.6mm"; VariantName = "[No Variations]"
Add component (AddParameter): Name = "Manufacturer_Name"; Value = "KEMET"; VariantName = "[No Variations]"
Add component (AddParameter): Name = "Manufacturer_Part_Number"; Value = "RC0805FR-0756RL"; VariantName = "[No Variations]"
Add component (AddParameter): Name = "Mouser Part Number"; Value = "603-RC0805FR-0756RL"; VariantName = "[No Variations]"
Add component (AddParameter): Name = "Mouser Price/Stock"; Value = "https://www.mouser.co.uk/ProductDetail/YAGEO/RC0805FR-0756RL?qs=VLOqbHBAO5ckb16qgp9IuA%3D%3D"; VariantName = "[No Variations]"
Added Component: Designator=R6(FP-RC1608-IPC_A)
Add component (AddParameter): Name = "Arrow Part Number"; Value = "ERJ-PA3F60R4V"; VariantName = "[No Variations]"
Add component (AddParameter): Name = "Arrow Price/Stock"; Value = "https://www.arrow.com/en/products/erj-pa3f60r4v/panasonic"; VariantName = "[No Variations]"
Add component (AddParameter): Name = "Datasheet Link"; Value = "https://industrial.panasonic.com/cdbs/www-data/pdf/RDO0000/AOA0000C331.pdf"; VariantName = "[No Variations]"
Add component (AddParameter): Name = "Height"; Value = "0.55mm"; VariantName = "[No Variations]"
Add component (AddParameter): Name = "Manufacturer_Name"; Value = "Panasonic"; VariantName = "[No Variations]"
Add component (AddParameter): Name = "Manufacturer_Part_Number"; Value = "ERJ-PA3F60R4V"; VariantName = "[No Variations]"
Add component (AddParameter): Name = "Mouser Part Number"; Value = "667-ERJ-PA3F60R4V"; VariantName = "[No Variations]"
Add component (AddParameter): Name = "Mouser Price/Stock"; Value = "https://www.mouser.co.uk/ProductDetail/Panasonic/ERJ-PA3F60R4V/?qs=BzJM0faLVqVCXA%252Bk%2FOWiUA%3D%3D"; VariantName = "[No Variations]"
Added Component: Designator=R7_0(RESC1608X55X25LL10T15)
Add component (AddParameter): Name = "Arrow Part Number"; Value = ""; VariantName = "[No Variations]"
Add component (AddParameter): Name = "Arrow Price/Stock"; Value = ""; VariantName = "[No Variations]"
Add component (AddParameter): Name = "Datasheet Link"; Value = "http://www.yageo.com/documents/recent/PYu-RC0603_51_RoHS_L_v5.pdf"; VariantName = "[No Variations]"
Add component (AddParameter): Name = "Height"; Value = "0.55mm"; VariantName = "[No Variations]"
Add component (AddParameter): Name = "Manufacturer_Name"; Value = "KEMET"; VariantName = "[No Variations]"
Add component (AddParameter): Name = "Manufacturer_Part_Number"; Value = "RC0603FR-07340RL"; VariantName = "[No Variations]"
Add component (AddParameter): Name = "Mouser Part Number"; Value = ""; VariantName = "[No Variations]"
Add component (AddParameter): Name = "Mouser Price/Stock"; Value = ""; VariantName = "[No Variations]"
Added Component: Designator=R7_1(RESC1608X55X25LL10T15)
Add component (AddParameter): Name = "Arrow Part Number"; Value = ""; VariantName = "[No Variations]"
Add component (AddParameter): Name = "Arrow Price/Stock"; Value = ""; VariantName = "[No Variations]"
Add component (AddParameter): Name = "Datasheet Link"; Value = "http://www.yageo.com/documents/recent/PYu-RC0603_51_RoHS_L_v5.pdf"; VariantName = "[No Variations]"
Add component (AddParameter): Name = "Height"; Value = "0.55mm"; VariantName = "[No Variations]"
Add component (AddParameter): Name = "Manufacturer_Name"; Value = "KEMET"; VariantName = "[No Variations]"
Add component (AddParameter): Name = "Manufacturer_Part_Number"; Value = "RC0603FR-07340RL"; VariantName = "[No Variations]"
Add component (AddParameter): Name = "Mouser Part Number"; Value = ""; VariantName = "[No Variations]"
Add component (AddParameter): Name = "Mouser Price/Stock"; Value = ""; VariantName = "[No Variations]"
Added Component: Designator=R7_2(RESC1608X55X25LL10T15)
Add component (AddParameter): Name = "Arrow Part Number"; Value = ""; VariantName = "[No Variations]"
Add component (AddParameter): Name = "Arrow Price/Stock"; Value = ""; VariantName = "[No Variations]"
Add component (AddParameter): Name = "Datasheet Link"; Value = "http://www.yageo.com/documents/recent/PYu-RC0603_51_RoHS_L_v5.pdf"; VariantName = "[No Variations]"
Add component (AddParameter): Name = "Height"; Value = "0.55mm"; VariantName = "[No Variations]"
Add component (AddParameter): Name = "Manufacturer_Name"; Value = "KEMET"; VariantName = "[No Variations]"
Add component (AddParameter): Name = "Manufacturer_Part_Number"; Value = "RC0603FR-07340RL"; VariantName = "[No Variations]"
Add component (AddParameter): Name = "Mouser Part Number"; Value = ""; VariantName = "[No Variations]"
Add component (AddParameter): Name = "Mouser Price/Stock"; Value = ""; VariantName = "[No Variations]"
Added Component: Designator=R7_3(RESC1608X55X25LL10T15)
Add component (AddParameter): Name = "Arrow Part Number"; Value = ""; VariantName = "[No Variations]"
Add component (AddParameter): Name = "Arrow Price/Stock"; Value = ""; VariantName = "[No Variations]"
Add component (AddParameter): Name = "Datasheet Link"; Value = "http://www.yageo.com/documents/recent/PYu-RC0603_51_RoHS_L_v5.pdf"; VariantName = "[No Variations]"
Add component (AddParameter): Name = "Height"; Value = "0.55mm"; VariantName = "[No Variations]"
Add component (AddParameter): Name = "Manufacturer_Name"; Value = "KEMET"; VariantName = "[No Variations]"
Add component (AddParameter): Name = "Manufacturer_Part_Number"; Value = "RC0603FR-07340RL"; VariantName = "[No Variations]"
Add component (AddParameter): Name = "Mouser Part Number"; Value = ""; VariantName = "[No Variations]"
Add component (AddParameter): Name = "Mouser Price/Stock"; Value = ""; VariantName = "[No Variations]"
Added Component: Designator=R7_4(RESC1608X55X25LL10T15)
Add component (AddParameter): Name = "Arrow Part Number"; Value = ""; VariantName = "[No Variations]"
Add component (AddParameter): Name = "Arrow Price/Stock"; Value = ""; VariantName = "[No Variations]"
Add component (AddParameter): Name = "Datasheet Link"; Value = "http://www.yageo.com/documents/recent/PYu-RC0603_51_RoHS_L_v5.pdf"; VariantName = "[No Variations]"
Add component (AddParameter): Name = "Height"; Value = "0.55mm"; VariantName = "[No Variations]"
Add component (AddParameter): Name = "Manufacturer_Name"; Value = "KEMET"; VariantName = "[No Variations]"
Add component (AddParameter): Name = "Manufacturer_Part_Number"; Value = "RC0603FR-07340RL"; VariantName = "[No Variations]"
Add component (AddParameter): Name = "Mouser Part Number"; Value = ""; VariantName = "[No Variations]"
Add component (AddParameter): Name = "Mouser Price/Stock"; Value = ""; VariantName = "[No Variations]"
Added Component: Designator=R7_5(RESC1608X55X25LL10T15)
Add component (AddParameter): Name = "Arrow Part Number"; Value = ""; VariantName = "[No Variations]"
Add component (AddParameter): Name = "Arrow Price/Stock"; Value = ""; VariantName = "[No Variations]"
Add component (AddParameter): Name = "Datasheet Link"; Value = "http://www.yageo.com/documents/recent/PYu-RC0603_51_RoHS_L_v5.pdf"; VariantName = "[No Variations]"
Add component (AddParameter): Name = "Height"; Value = "0.55mm"; VariantName = "[No Variations]"
Add component (AddParameter): Name = "Manufacturer_Name"; Value = "KEMET"; VariantName = "[No Variations]"
Add component (AddParameter): Name = "Manufacturer_Part_Number"; Value = "RC0603FR-07340RL"; VariantName = "[No Variations]"
Add component (AddParameter): Name = "Mouser Part Number"; Value = ""; VariantName = "[No Variations]"
Add component (AddParameter): Name = "Mouser Price/Stock"; Value = ""; VariantName = "[No Variations]"
Added Component: Designator=U1(STM-LQFP64_N)
Add component (AddParameter): Name = "ComponentLink1Description"; Value = "Manufacturer URL"; VariantName = "[No Variations]"
Add component (AddParameter): Name = "ComponentLink1URL"; Value = "http://www.st.com/web/en/home.html"; VariantName = "[No Variations]"
Add component (AddParameter): Name = "ComponentLink2Description"; Value = "Datasheet"; VariantName = "[No Variations]"
Add component (AddParameter): Name = "ComponentLink2URL"; Value = "http://www.st.com/st-web-ui/static/active/en/resource/technical/document/datasheet/DM00037051.pdf"; VariantName = "[No Variations]"
Add component (AddParameter): Name = "ComponentLink3Description"; Value = "Package Specification"; VariantName = "[No Variations]"
Add component (AddParameter): Name = "ComponentLink3URL"; Value = "http://www.st.com/st-web-ui/static/active/en/resource/technical/document/datasheet/DM00037051.pdf"; VariantName = "[No Variations]"
Add component (AddParameter): Name = "Core"; Value = "ARM Cortex-M4"; VariantName = "[No Variations]"
Add component (AddParameter): Name = "D/A Converter"; Value = "2x12-bit"; VariantName = "[No Variations]"
Add component (AddParameter): Name = "DatasheetVersion"; Value = "Rev. 4"; VariantName = "[No Variations]"
Add component (AddParameter): Name = "FLASH Size (Prog) (kB)"; Value = "1024"; VariantName = "[No Variations]"
Add component (AddParameter): Name = "I/Os (High Current)"; Value = "51"; VariantName = "[No Variations]"
Add component (AddParameter): Name = "Internal RAM Size (kB)"; Value = "192"; VariantName = "[No Variations]"
Add component (AddParameter): Name = "Manufacturer"; Value = "STMicroelectronics"; VariantName = "[No Variations]"
Add component (AddParameter): Name = "Mounting Technology"; Value = "Surface Mount"; VariantName = "[No Variations]"
Add component (AddParameter): Name = "Operating Frequency(F) (Processor speed) (MHz)"; Value = "168"; VariantName = "[No Variations]"
Add component (AddParameter): Name = "PackageDescription"; Value = "64-Pin Low Profile Quad Flat Package, 10 x 10 mm Body, 0.5 mm Pitch"; VariantName = "[No Variations]"
Add component (AddParameter): Name = "PackageReference"; Value = "LQFP64"; VariantName = "[No Variations]"
Add component (AddParameter): Name = "PackageVersion"; Value = "Rev. 4, 06/2013"; VariantName = "[No Variations]"
Add component (AddParameter): Name = "Packing"; Value = "Tray"; VariantName = "[No Variations]"
Add component (AddParameter): Name = "PartNumber"; Value = "STM32F405RGT7"; VariantName = "[No Variations]"
Add component (AddParameter): Name = "Supply Voltage(Vcc) max (V)"; Value = "3.6"; VariantName = "[No Variations]"
Add component (AddParameter): Name = "Supply Voltage(Vcc) min (V)"; Value = "1.8"; VariantName = "[No Variations]"
Added Component: Designator=U2(KTT0005B_M)
Add component (AddParameter): Name = "Code_IPC"; Value = ""; VariantName = "[No Variations]"
Add component (AddParameter): Name = "Code_JEDEC"; Value = "MO-169-AB"; VariantName = "[No Variations]"
Add component (AddParameter): Name = "ComponentLink1Description"; Value = "Datasheet URL"; VariantName = "[No Variations]"
Add component (AddParameter): Name = "ComponentLink1URL"; Value = "http://www.ti.com/general/docs/lit/getliterature.tsp?genericPartNumber=LM2596&fileType=pdf"; VariantName = "[No Variations]"
Add component (AddParameter): Name = "CompType"; Value = "Switcher"; VariantName = "[No Variations]"
Add component (AddParameter): Name = "High-Reliability"; Value = ""; VariantName = "[No Variations]"
Add component (AddParameter): Name = "Manufacturer"; Value = "Texas Instruments"; VariantName = "[No Variations]"
Add component (AddParameter): Name = "PackageDescription"; Value = "TO-263, Molded, .400 x .390 x .180in, 5 Lead, .067in Pitch, Surface Mount"; VariantName = "[No Variations]"
Add component (AddParameter): Name = "PackageReference"; Value = "KTT0005B"; VariantName = "[No Variations]"
Add component (AddParameter): Name = "PackageTopMarking"; Value = "NSUZXYTTE#*LM2596S*-5.0 P+"; VariantName = "[No Variations]"
Add component (AddParameter): Name = "PartNumber"; Value = ""; VariantName = "[No Variations]"
Add component (AddParameter): Name = "PinCount"; Value = "5"; VariantName = "[No Variations]"
Add component (AddParameter): Name = "PowerWise"; Value = "N"; VariantName = "[No Variations]"
Add component (AddParameter): Name = "RoHS"; Value = "Y"; VariantName = "[No Variations]"
Added Component: Designator=U3(FP-SOT23-5LD-PL-1-MFG)
Add component (AddParameter): Name = "Accuracy"; Value = "3%"; VariantName = "[No Variations]"
Add component (AddParameter): Name = "Case/Package"; Value = "SOT-23-5"; VariantName = "[No Variations]"
Add component (AddParameter): Name = "Dropout Voltage"; Value = "380mV"; VariantName = "[No Variations]"
Add component (AddParameter): Name = "Height"; Value = "1.1mm"; VariantName = "[No Variations]"
Add component (AddParameter): Name = "Length"; Value = "2.9mm"; VariantName = "[No Variations]"
Add component (AddParameter): Name = "Max Input Voltage"; Value = "5.5V"; VariantName = "[No Variations]"
Add component (AddParameter): Name = "Max Operating Temperature"; Value = "125°C"; VariantName = "[No Variations]"
Add component (AddParameter): Name = "Max Output Current"; Value = "300mA"; VariantName = "[No Variations]"
Add component (AddParameter): Name = "Min Input Voltage"; Value = "2.5V"; VariantName = "[No Variations]"
Add component (AddParameter): Name = "Min Operating Temperature"; Value = "-40°C"; VariantName = "[No Variations]"
Add component (AddParameter): Name = "Mount"; Value = "Surface Mount"; VariantName = "[No Variations]"
Add component (AddParameter): Name = "Nominal Output Voltage"; Value = "3.3V"; VariantName = "[No Variations]"
Add component (AddParameter): Name = "Number of Outputs"; Value = "1"; VariantName = "[No Variations]"
Add component (AddParameter): Name = "Number of Pins"; Value = "5"; VariantName = "[No Variations]"
Add component (AddParameter): Name = "Operating Supply Current"; Value = "42uA"; VariantName = "[No Variations]"
Add component (AddParameter): Name = "Output Current"; Value = "300mA"; VariantName = "[No Variations]"
Add component (AddParameter): Name = "Output Type"; Value = "Fixed"; VariantName = "[No Variations]"
Add component (AddParameter): Name = "Output Voltage"; Value = "3.3V"; VariantName = "[No Variations]"
Add component (AddParameter): Name = "Packaging"; Value = "Tape and Reel"; VariantName = "[No Variations]"
Add component (AddParameter): Name = "Power Supply Rejection Ratio (PSRR)"; Value = "60dB"; VariantName = "[No Variations]"
Add component (AddParameter): Name = "Quiescent Current"; Value = "38uA"; VariantName = "[No Variations]"
Add component (AddParameter): Name = "REACH SVHC"; Value = "No SVHC"; VariantName = "[No Variations]"
Add component (AddParameter): Name = "Width"; Value = "1.6mm"; VariantName = "[No Variations]"
Added Component: Designator=U?(DBZ0003A_N)
Add component (AddParameter): Name = "Code_JEDEC"; Value = "TO-236"; VariantName = "[No Variations]"
Add component (AddParameter): Name = "ComponentLink1Description"; Value = "Manufacturer URL"; VariantName = "[No Variations]"
Add component (AddParameter): Name = "ComponentLink1URL"; Value = "http://www.ti.com/"; VariantName = "[No Variations]"
Add component (AddParameter): Name = "ComponentLink2Description"; Value = "Datasheet"; VariantName = "[No Variations]"
Add component (AddParameter): Name = "ComponentLink2URL"; Value = "http://www.ti.com/general/docs/lit/getliterature.tsp?genericPartNumber=REF3325&fileType=pdf"; VariantName = "[No Variations]"
Add component (AddParameter): Name = "ComponentLink3Description"; Value = "Package Specification"; VariantName = "[No Variations]"
Add component (AddParameter): Name = "ComponentLink3URL"; Value = "http://www.ti.com/litv/pdf/mpds108a"; VariantName = "[No Variations]"
Add component (AddParameter): Name = "DatasheetVersion"; Value = "SBOS392A"; VariantName = "[No Variations]"
Add component (AddParameter): Name = "Eco-Plan"; Value = "Green (RoHS & no Sb/Br)"; VariantName = "[No Variations]"
Add component (AddParameter): Name = "Initial Accuracy @ 25/deg C(%)"; Value = "0.15"; VariantName = "[No Variations]"
Add component (AddParameter): Name = "Iout/Iz(Max)(mA)"; Value = "5"; VariantName = "[No Variations]"
Add component (AddParameter): Name = "Iq(Max)(uA)"; Value = "5"; VariantName = "[No Variations]"
Add component (AddParameter): Name = "Manufacturer"; Value = "Texas Instruments"; VariantName = "[No Variations]"
Add component (AddParameter): Name = "Mounting Technology"; Value = "Surface Mount"; VariantName = "[No Variations]"
Add component (AddParameter): Name = "PackageDescription"; Value = "3-Pin Plastic Small Outline, Body 2.92 x 1.3 mm, Pitch 0.95 mm"; VariantName = "[No Variations]"
Add component (AddParameter): Name = "PackageReference"; Value = "DBZ0003A"; VariantName = "[No Variations]"
Add component (AddParameter): Name = "PackageVersion"; Value = "4203227/B"; VariantName = "[No Variations]"
Add component (AddParameter): Name = "PartNumber"; Value = "REF3325AIDBZR"; VariantName = "[No Variations]"
Add component (AddParameter): Name = "Rating"; Value = "Catalog"; VariantName = "[No Variations]"
Add component (AddParameter): Name = "SubFamily"; Value = "Series Voltage Reference"; VariantName = "[No Variations]"
Add component (AddParameter): Name = "Temp Coeff(Max)(ppm/ degree C)"; Value = "30"; VariantName = "[No Variations]"
Add component (AddParameter): Name = "Temp Coeff(Typ)(ppm/ degree C)"; Value = "8"; VariantName = "[No Variations]"
Add component (AddParameter): Name = "VI(Max)(V)"; Value = "5.5"; VariantName = "[No Variations]"
Add component (AddParameter): Name = "VI(Min)(V)"; Value = "2.66"; VariantName = "[No Variations]"
Add component (AddParameter): Name = "VO(V)"; Value = "2.5"; VariantName = "[No Variations]"
Added Component: Designator=X1(ABRA-ABM3-2_V)
Add component (AddParameter): Name = "Brand"; Value = "ABRACON"; VariantName = "[No Variations]"
Add component (AddParameter): Name = "Case Height"; Value = "1.3mm"; VariantName = "[No Variations]"
Add component (AddParameter): Name = "Case Length"; Value = "5mm"; VariantName = "[No Variations]"
Add component (AddParameter): Name = "Case Width"; Value = "3.2mm"; VariantName = "[No Variations]"
Add component (AddParameter): Name = "Datasheet URL"; Value = "http://www.farnell.com/datasheets/1754353.pdf"; VariantName = "[No Variations]"
Add component (AddParameter): Name = "Datasheet Version"; Value = "Sep-13"; VariantName = "[No Variations]"
Add component (AddParameter): Name = "Dimensions"; Value = "3.2mmWx5mmLx1.3mmH"; VariantName = "[No Variations]"
Add component (AddParameter): Name = "ESR"; Value = "140Ohms"; VariantName = "[No Variations]"
Add component (AddParameter): Name = "Factory Pack Quantity"; Value = "1000"; VariantName = "[No Variations]"
Add component (AddParameter): Name = "Frequency"; Value = "8MHz"; VariantName = "[No Variations]"
Add component (AddParameter): Name = "Frequency Stability"; Value = "30PPM"; VariantName = "[No Variations]"
Add component (AddParameter): Name = "Load Capacitance"; Value = "18pF"; VariantName = "[No Variations]"
Add component (AddParameter): Name = "Manufacturer"; Value = "ABRACON"; VariantName = "[No Variations]"
Add component (AddParameter): Name = "Manufacturer URL"; Value = "http://www.abracon.com/"; VariantName = "[No Variations]"
Add component (AddParameter): Name = "Mounting Style"; Value = "SMD/SMT"; VariantName = "[No Variations]"
Add component (AddParameter): Name = "Operating Temperature Range"; Value = "-40Cto+85C"; VariantName = "[No Variations]"
Add component (AddParameter): Name = "Package / Case"; Value = "5mmx3.2mm"; VariantName = "[No Variations]"
Add component (AddParameter): Name = "Package Description"; Value = "2-Pin Surface Mount Device, Body 5 x 3.2 mm"; VariantName = "[No Variations]"
Add component (AddParameter): Name = "Package Reference"; Value = "ABM3-2"; VariantName = "[No Variations]"
Add component (AddParameter): Name = "Package URL"; Value = "http://www.abracon.com/Support/PackageDrawing/Resonators/ABM3.PDF"; VariantName = "[No Variations]"
Add component (AddParameter): Name = "Packaging"; Value = "Reel"; VariantName = "[No Variations]"
Add component (AddParameter): Name = "Product Category"; Value = "Crystals"; VariantName = "[No Variations]"
Add component (AddParameter): Name = "RoHS"; Value = "Details"; VariantName = "[No Variations]"
Add component (AddParameter): Name = "Series"; Value = "ABM3"; VariantName = "[No Variations]"
Add component (AddParameter): Name = "Termination Style"; Value = "SMD/SMT"; VariantName = "[No Variations]"
Add component (AddParameter): Name = "Tolerance"; Value = "20PPM"; VariantName = "[No Variations]"
Add component (AddParameter): Name = "Type"; Value = "MiniatureCeramicCrystal"; VariantName = "[No Variations]"
Added Pin To Net: NetName=D+3.3V Pin=C1-1
Added Pin To Net: NetName=GND Pin=C1-2
Added Pin To Net: NetName=D+3.3V Pin=C2-1
Added Pin To Net: NetName=GND Pin=C2-2
Added Pin To Net: NetName=D+3.3V Pin=C3-1
Added Pin To Net: NetName=GND Pin=C3-2
Added Pin To Net: NetName=D+3.3V Pin=C4-1
Added Pin To Net: NetName=GND Pin=C4-2
Added Pin To Net: NetName=GND Pin=C5-1
Added Pin To Net: NetName=GND Pin=C6-1
Added Pin To Net: NetName=GND Pin=C7-2
Added Pin To Net: NetName=NetC8_1 Pin=C8-1
Added Pin To Net: NetName=GND Pin=C8-2
Added Pin To Net: NetName=GND Pin=C9-1
Added Pin To Net: NetName=GND Pin=C10-1
Added Pin To Net: NetName=NetC10_2 Pin=C10-2
Added Pin To Net: NetName=CH0_IN_FLT Pin=C11_0-1
Added Pin To Net: NetName=GND Pin=C11_0-2
Added Pin To Net: NetName=CH1_IN_FLT Pin=C11_1-1
Added Pin To Net: NetName=GND Pin=C11_1-2
Added Pin To Net: NetName=CH2_IN_FLT Pin=C11_2-1
Added Pin To Net: NetName=GND Pin=C11_2-2
Added Pin To Net: NetName=CH3_IN_FLT Pin=C11_3-1
Added Pin To Net: NetName=GND Pin=C11_3-2
Added Pin To Net: NetName=CH4_IN_FLT Pin=C11_4-1
Added Pin To Net: NetName=GND Pin=C11_4-2
Added Pin To Net: NetName=CH5_IN_FLT Pin=C11_5-1
Added Pin To Net: NetName=GND Pin=C11_5-2
Added Pin To Net: NetName=D+5V Pin=C12-1
Added Pin To Net: NetName=GND Pin=C12-2
Added Pin To Net: NetName=GND Pin=C13-1
Added Pin To Net: NetName=D+12V Pin=C13-2
Added Pin To Net: NetName=D+12V Pin=C14-1
Added Pin To Net: NetName=GND Pin=C14-2
Added Pin To Net: NetName=GND Pin=C15-1
Added Pin To Net: NetName=+5 Pin=C15-2
Added Pin To Net: NetName=+5 Pin=C16-1
Added Pin To Net: NetName=GND Pin=C16-2
Added Pin To Net: NetName=+5 Pin=C17-1
Added Pin To Net: NetName=GND Pin=C17-2
Added Pin To Net: NetName=GND Pin=C18-2
Added Pin To Net: NetName=+5 Pin=C19-1
Added Pin To Net: NetName=GND Pin=C19-2
Added Pin To Net: NetName=+2V5 Pin=C20-1
Added Pin To Net: NetName=GND Pin=C20-2
Added Pin To Net: NetName=NetCAN_H_1 Pin=CAN_H-1
Added Pin To Net: NetName=NetCAN_L_1 Pin=CAN_L-1
Added Pin To Net: NetName=GND Pin=D1_0-1
Added Pin To Net: NetName=in_UNFLT_0 Pin=D1_0-2
Added Pin To Net: NetName=GND Pin=D1_1-1
Added Pin To Net: NetName=in_UNFLT_1 Pin=D1_1-2
Added Pin To Net: NetName=GND Pin=D1_2-1
Added Pin To Net: NetName=in_UNFLT_2 Pin=D1_2-2
Added Pin To Net: NetName=GND Pin=D1_3-1
Added Pin To Net: NetName=in_UNFLT_3 Pin=D1_3-2
Added Pin To Net: NetName=GND Pin=D1_4-1
Added Pin To Net: NetName=in_UNFLT_4 Pin=D1_4-2
Added Pin To Net: NetName=GND Pin=D1_5-1
Added Pin To Net: NetName=in_UNFLT_5 Pin=D1_5-2
Added Pin To Net: NetName=GND Pin=D3-2
Added Pin To Net: NetName=D+3.3V Pin=FB1-2
Added Pin To Net: NetName=CAN1_TX Pin=IC5-1
Added Pin To Net: NetName=GND Pin=IC5-2
Added Pin To Net: NetName=D+5V Pin=IC5-3
Added Pin To Net: NetName=CAN1_RX Pin=IC5-4
Added Pin To Net: NetName=NetCAN_L_1 Pin=IC5-6
Added Pin To Net: NetName=NetCAN_H_1 Pin=IC5-7
Added Pin To Net: NetName=GND Pin=IC5-8
Added Pin To Net: NetName=+5 Pin=J1_Designator1-1
Added Pin To Net: NetName=+2V5 Pin=J1_Designator1-2
Added Pin To Net: NetName=in_UNFLT_5 Pin=J1_Designator1-3
Added Pin To Net: NetName=GND Pin=J1_Designator1-4
Added Pin To Net: NetName=GND Pin=J1_Designator1-5
Added Pin To Net: NetName=GND Pin=J1_Designator1-6
Added Pin To Net: NetName=+5 Pin=J1_Designator2-1
Added Pin To Net: NetName=+2V5 Pin=J1_Designator2-2
Added Pin To Net: NetName=in_UNFLT_4 Pin=J1_Designator2-3
Added Pin To Net: NetName=GND Pin=J1_Designator2-4
Added Pin To Net: NetName=GND Pin=J1_Designator2-5
Added Pin To Net: NetName=GND Pin=J1_Designator2-6
Added Pin To Net: NetName=+5 Pin=J1_Designator3-1
Added Pin To Net: NetName=+2V5 Pin=J1_Designator3-2
Added Pin To Net: NetName=in_UNFLT_3 Pin=J1_Designator3-3
Added Pin To Net: NetName=GND Pin=J1_Designator3-4
Added Pin To Net: NetName=GND Pin=J1_Designator3-5
Added Pin To Net: NetName=GND Pin=J1_Designator3-6
Added Pin To Net: NetName=+5 Pin=J1_Designator4-1
Added Pin To Net: NetName=+2V5 Pin=J1_Designator4-2
Added Pin To Net: NetName=in_UNFLT_2 Pin=J1_Designator4-3
Added Pin To Net: NetName=GND Pin=J1_Designator4-4
Added Pin To Net: NetName=GND Pin=J1_Designator4-5
Added Pin To Net: NetName=GND Pin=J1_Designator4-6
Added Pin To Net: NetName=+5 Pin=J1_Designator5-1
Added Pin To Net: NetName=+2V5 Pin=J1_Designator5-2
Added Pin To Net: NetName=in_UNFLT_1 Pin=J1_Designator5-3
Added Pin To Net: NetName=GND Pin=J1_Designator5-4
Added Pin To Net: NetName=GND Pin=J1_Designator5-5
Added Pin To Net: NetName=GND Pin=J1_Designator5-6
Added Pin To Net: NetName=+5 Pin=J1_Designator6-1
Added Pin To Net: NetName=+2V5 Pin=J1_Designator6-2
Added Pin To Net: NetName=in_UNFLT_0 Pin=J1_Designator6-3
Added Pin To Net: NetName=GND Pin=J1_Designator6-4
Added Pin To Net: NetName=GND Pin=J1_Designator6-5
Added Pin To Net: NetName=GND Pin=J1_Designator6-6
Added Pin To Net: NetName=NRST Pin=J3-1
Added Pin To Net: NetName=D+3.3V Pin=J3-2
Added Pin To Net: NetName=GND Pin=J3-3
Added Pin To Net: NetName=SWDIO Pin=J3-4
Added Pin To Net: NetName=SWCLK Pin=J3-5
Added Pin To Net: NetName=+5 Pin=L1-2
Added Pin To Net: NetName=GND Pin=R1-1
Added Pin To Net: NetName=NRST Pin=R1-2
Added Pin To Net: NetName=NRST Pin=R2-1
Added Pin To Net: NetName=D+3.3V Pin=R2-2
Added Pin To Net: NetName=D+3.3V Pin=R3-1
Added Pin To Net: NetName=GND Pin=R4-2
Added Pin To Net: NetName=GND Pin=R5-1
Added Pin To Net: NetName=NetCAN_L_1 Pin=R6-1
Added Pin To Net: NetName=NetCAN_H_1 Pin=R6-2
Added Pin To Net: NetName=CH0_IN_FLT Pin=R7_0-1
Added Pin To Net: NetName=in_UNFLT_0 Pin=R7_0-2
Added Pin To Net: NetName=CH1_IN_FLT Pin=R7_1-1
Added Pin To Net: NetName=in_UNFLT_1 Pin=R7_1-2
Added Pin To Net: NetName=CH2_IN_FLT Pin=R7_2-1
Added Pin To Net: NetName=in_UNFLT_2 Pin=R7_2-2
Added Pin To Net: NetName=CH3_IN_FLT Pin=R7_3-1
Added Pin To Net: NetName=in_UNFLT_3 Pin=R7_3-2
Added Pin To Net: NetName=CH4_IN_FLT Pin=R7_4-1
Added Pin To Net: NetName=in_UNFLT_4 Pin=R7_4-2
Added Pin To Net: NetName=CH5_IN_FLT Pin=R7_5-1
Added Pin To Net: NetName=in_UNFLT_5 Pin=R7_5-2
Added Pin To Net: NetName=D+3.3V Pin=U1-1
Added Pin To Net: NetName=NetC8_1 Pin=U1-6
Added Pin To Net: NetName=NRST Pin=U1-7
Added Pin To Net: NetName=CH0_IN_FLT Pin=U1-8
Added Pin To Net: NetName=CH1_IN_FLT Pin=U1-9
Added Pin To Net: NetName=CH2_IN_FLT Pin=U1-10
Added Pin To Net: NetName=CH3_IN_FLT Pin=U1-11
Added Pin To Net: NetName=GND Pin=U1-12
Added Pin To Net: NetName=GND Pin=U1-18
Added Pin To Net: NetName=D+3.3V Pin=U1-19
Added Pin To Net: NetName=CH4_IN_FLT Pin=U1-24
Added Pin To Net: NetName=CH5_IN_FLT Pin=U1-25
Added Pin To Net: NetName=NetC10_2 Pin=U1-31
Added Pin To Net: NetName=D+3.3V Pin=U1-32
Added Pin To Net: NetName=SWDIO Pin=U1-46
Added Pin To Net: NetName=D+3.3V Pin=U1-48
Added Pin To Net: NetName=SWCLK Pin=U1-49
Added Pin To Net: NetName=CAN1_RX Pin=U1-61
Added Pin To Net: NetName=CAN1_TX Pin=U1-62
Added Pin To Net: NetName=GND Pin=U1-63
Added Pin To Net: NetName=D+3.3V Pin=U1-64
Added Pin To Net: NetName=D+12V Pin=U2-1
Added Pin To Net: NetName=GND Pin=U2-3
Added Pin To Net: NetName=+5 Pin=U2-4
Added Pin To Net: NetName=GND Pin=U2-5
Added Pin To Net: NetName=GND Pin=U2-6
Added Pin To Net: NetName=+5 Pin=U3-1
Added Pin To Net: NetName=GND Pin=U3-2
Added Pin To Net: NetName=+5 Pin=U3-3
Added Pin To Net: NetName=+5 Pin=U?-1
Added Pin To Net: NetName=+2V5 Pin=U?-2
Added Pin To Net: NetName=GND Pin=U?-3
Added Pin To Net: NetName=NetC8_1 Pin=X1-1
Added Pin To Net: NetName=3V3 Pin=C18-1
Added Pin To Net: NetName=3V3 Pin=U3-5
Added Net: Name=3V3
Added Pin To Net: NetName=NetC5_2 Pin=C5-2
Added Pin To Net: NetName=NetC5_2 Pin=C6-2
Added Pin To Net: NetName=NetC5_2 Pin=FB1-1
Added Pin To Net: NetName=NetC5_2 Pin=U1-13
Added Net: Name=NetC5_2
Added Pin To Net: NetName=NetC7_1 Pin=C7-1
Added Pin To Net: NetName=NetC7_1 Pin=U1-5
Added Pin To Net: NetName=NetC7_1 Pin=X1-2
Added Net: Name=NetC7_1
Added Pin To Net: NetName=NetC9_2 Pin=C9-2
Added Pin To Net: NetName=NetC9_2 Pin=U1-47
Added Net: Name=NetC9_2
Added Pin To Net: NetName=NetD3_1 Pin=D3-1
Added Pin To Net: NetName=NetD3_1 Pin=L1-1
Added Pin To Net: NetName=NetD3_1 Pin=U2-2
Added Net: Name=NetD3_1
Added Pin To Net: NetName=NetD?_1 Pin=D?-1
Added Pin To Net: NetName=NetD?_1 Pin=R5-2
Added Net: Name=NetD?_1
Added Pin To Net: NetName=NetD?_2 Pin=D?-2
Added Pin To Net: NetName=NetD?_2 Pin=U1-54
Added Net: Name=NetD?_2
Added Pin To Net: NetName=NetR3_2 Pin=R3-2
Added Pin To Net: NetName=NetR3_2 Pin=R4-1
Added Pin To Net: NetName=NetR3_2 Pin=U1-60
Added Net: Name=NetR3_2
Added Member To Class: ClassName=MCU Member=Component C1 0.1uF
Added Member To Class: ClassName=MCU Member=Component C2 0.1uF
Added Member To Class: ClassName=MCU Member=Component C3 0.1uF
Added Member To Class: ClassName=MCU Member=Component C4 0.1uF
Added Member To Class: ClassName=MCU Member=Component C5 10uF
Added Member To Class: ClassName=MCU Member=Component C6 1uF
Added Member To Class: ClassName=MCU Member=Component C7 8pF
Added Member To Class: ClassName=MCU Member=Component C8 8pF
Added Member To Class: ClassName=MCU Member=Component C9 2u2
Added Member To Class: ClassName=MCU Member=Component C10 2u2
Added Member To Class: ClassName=0 Member=Component C11_0 (C11) Capacitor
Added Member To Class: ClassName=1 Member=Component C11_1 (C11) Capacitor
Added Member To Class: ClassName=2 Member=Component C11_2 (C11) Capacitor
Added Member To Class: ClassName=3 Member=Component C11_3 (C11) Capacitor
Added Member To Class: ClassName=4 Member=Component C11_4 (C11) Capacitor
Added Member To Class: ClassName=5 Member=Component C11_5 (C11) Capacitor
Added Member To Class: ClassName=Can_Interface Member=Component C12 CC0603MRX7R9BB104
Added Member To Class: ClassName=Designator Member=Component C13 EEUFM1E681
Added Member To Class: ClassName=Designator Member=Component C14 CC0603MRX7R9BB104
Added Member To Class: ClassName=Designator Member=Component C15 EEEFK1C221XP
Added Member To Class: ClassName=Designator Member=Component C16 CC0603MRX7R9BB104
Added Member To Class: ClassName=Designator Member=Component C17 CC0603KPX7R7BB105
Added Member To Class: ClassName=Designator Member=Component C18 CC0603KPX7R7BB105
Added Member To Class: ClassName=Designator Member=Component C19 CC0603KPX7R7BB105
Added Member To Class: ClassName=Designator Member=Component C20 CC0603MRX7R9BB104
Added Member To Class: ClassName=Can_Interface Member=Component CAN_H 5003
Added Member To Class: ClassName=Can_Interface Member=Component CAN_L 5003
Added Member To Class: ClassName=0 Member=Component D1_0 (D1) DESD5V0U1BA-7
Added Member To Class: ClassName=1 Member=Component D1_1 (D1) DESD5V0U1BA-7
Added Member To Class: ClassName=2 Member=Component D1_2 (D1) DESD5V0U1BA-7
Added Member To Class: ClassName=3 Member=Component D1_3 (D1) DESD5V0U1BA-7
Added Member To Class: ClassName=4 Member=Component D1_4 (D1) DESD5V0U1BA-7
Added Member To Class: ClassName=5 Member=Component D1_5 (D1) DESD5V0U1BA-7
Added Member To Class: ClassName=Designator Member=Component D3 SS34-E3/9AT
Added Member To Class: ClassName=MCU Member=Component D? APT1608LZGCK
Added Member To Class: ClassName=MCU Member=Component FB1 ferrite bead 0805
Added Member To Class: ClassName=Can_Interface Member=Component IC5 ATA6560-GAQW-N
Added Member To Class: ClassName=Designator1 Member=Component J1_Designator1 (J1) TSW-106-23-F-S
Added Member To Class: ClassName=Designator2 Member=Component J1_Designator2 (J1) TSW-106-23-F-S
Added Member To Class: ClassName=Designator3 Member=Component J1_Designator3 (J1) TSW-106-23-F-S
Added Member To Class: ClassName=Designator4 Member=Component J1_Designator4 (J1) TSW-106-23-F-S
Added Member To Class: ClassName=Designator5 Member=Component J1_Designator5 (J1) TSW-106-23-F-S
Added Member To Class: ClassName=Designator6 Member=Component J1_Designator6 (J1) TSW-106-23-F-S
Added Member To Class: ClassName=STlink Member=Component J3 61300511121
Added Member To Class: ClassName=Designator Member=Component L1 L_33uH_4A_SRR1260
Added Member To Class: ClassName=MCU Member=Component R1 0
Added Member To Class: ClassName=MCU Member=Component R2 10k
Added Member To Class: ClassName=MCU Member=Component R3 0
Added Member To Class: ClassName=MCU Member=Component R4 10k
Added Member To Class: ClassName=MCU Member=Component R5 330
Added Member To Class: ClassName=Can_Interface Member=Component R6 120
Added Member To Class: ClassName=0 Member=Component R7_0 (R7) 340
Added Member To Class: ClassName=1 Member=Component R7_1 (R7) 340
Added Member To Class: ClassName=2 Member=Component R7_2 (R7) 340
Added Member To Class: ClassName=3 Member=Component R7_3 (R7) 340
Added Member To Class: ClassName=4 Member=Component R7_4 (R7) 340
Added Member To Class: ClassName=5 Member=Component R7_5 (R7) 340
Added Member To Class: ClassName=MCU Member=Component U1 STM32F405RGT7
Added Member To Class: ClassName=Designator Member=Component U2 LM2596S-5.0/NOPB
Added Member To Class: ClassName=Designator Member=Component U3 MIC5504-3.3YM5-TR
Added Member To Class: ClassName=Designator Member=Component U? REF3325AIDBZR
Added Member To Class: ClassName=MCU Member=Component X1 8 MHz
Added Rule: Name=Schematic Supply Nets_6
